Nome do Local de votação;CIDADE;BAIRRO;CONTA_CONTRATO;POSTE;TRAFO;ALIMENTADOR;LATITUDE;LONGITUDE;UTD;UTEP
ADEFERN - ASSOC. DOS DEFICIENTES FISICOS DO RN;NATAL;POTENGI;000156732010;B3744;3002147;PGI-01P1;-5,74939365;-35,24628965;NATAL NORTE;LITORAL
C.D.F. COLÉGIO E CURSO - ZONA NORTE;NATAL;POTENGI;000851961984;V00068;3036045;IGA-01Z8;-5,76219220;-35,25355660;NATAL NORTE;LITORAL
CENEP - CENTRO ESTADUAL DE EDUCAÇÃO PROFIS SENADOR JESSÉ PINTO FREIRE;NATAL;PETROPOLIS;000001866010;V09019;3106341;RBA-01P5;-5,78479812;-35,20095178;NATAL SUL;LITORAL
CENTRO EDUCACIONAL ALFERES TIRADENTES;NATAL;POTENGI;000158258013;D4427;213196X;PGI-01P2;-5,74418410;-35,24665510;NATAL NORTE;LITORAL
CMEI GALDINA BARBOSA SILVEIRA GUIMARAES;NATAL;MAE LUIZA;007015487482;C4503;2121967;PTR-01S5;-5,79853386;-35,18550428;NATAL SUL;LITORAL
CMEI PROFª MARIA CLEONICE ALVES PONTES;NATAL;POTENGI;000140138010;B3308;300080X;IGA-01Z7;-5,75921040;-35,25867020;NATAL NORTE;LITORAL
COLEGIO SALESIANO SAO JOSE;NATAL;RIBEIRA;000081579016;D5613;3118999;RBA-01P4;-5,78056296;-35,20519714;NATAL SUL;LITORAL
COMPLEXO CULTURAL DA UERN;NATAL;POTENGI;000169514011;D3358;3030970;PGI-01P4;-5,75490206;-35,23990421;NATAL NORTE;LITORAL
ESCOLA ESTADUAL ALBERTO TORRES;NATAL;PETROPOLIS;000049266014;C4814;2675702;RBA-01P3;-5,78454052;-35,19588546;NATAL SUL;LITORAL
ESCOLA ESTADUAL ANTONIO FAGUNDES;NATAL;POTENGI;000145951011;B0126;3040109;PJA-01J4;-5,74616592;-35,26035198;NATAL NORTE;LITORAL
ESCOLA ESTADUAL AUGUSTO SEVERO;NATAL;PETROPOLIS;007014923068;V08261;3098001;RBA-01P5;-5,78585406;-35,20116309;NATAL SUL;LITORAL
ESCOLA ESTADUAL CAFE FILHO;NATAL;ROCAS;000083442018;A6733;3112711;RBA-01P6;-5,77209206;-35,19770536;NATAL SUL;LITORAL
ESCOLA ESTADUAL DIOSCORO VALE;NATAL;POTENGI;000149379010;B3991;3068547;PGI-01P1;-5,74523225;-35,25237122;NATAL NORTE;LITORAL
ESCOLA ESTADUAL DO ATHENEU NORTERIOGRANDENSE;NATAL;PETROPOLIS;000001987011;V06215;3080634;PTR-01S4;-5,78408233;-35,19835220;NATAL SUL;LITORAL
ESCOLA ESTADUAL DOM JOSE ADELINO DANTAS;NATAL;POTENGI;000169515018;SPP0030;3120268;PGI-01P2;-5,74706691;-35,24470253;NATAL NORTE;LITORAL
ESCOLA ESTADUAL ISABEL GONDIM;NATAL;RIBEIRA;000082021019;A6408;267461X;RBA-01P6;-5,77389638;-35,20260434;NATAL SUL;LITORAL
ESCOLA ESTADUAL JOSEFA SAMPAIO;NATAL;SANTOS REIS;000085205013;A6621;2674468;RBA-01P6;-5,76702425;-35,20047350;NATAL SUL;LITORAL
ESCOLA ESTADUAL LEONOR LIMA;NATAL;REDINHA;000136738011;C1396;3038503;PGI-01P3;-5,75227792;-35,20299971;NATAL NORTE;LITORAL
ESCOLA ESTADUAL MONS. ALFREDO PEGADO;NATAL;MAE LUIZA;000051487010;C5981;3083722;PTR-01S5;-5,79312378;-35,19005027;NATAL SUL;LITORAL
ESCOLA ESTADUAL OLDA MARINHO;NATAL;PRAIA DO MEIO;000053645011;A7104;3075355;RBA-01P9;-5,77955947;-35,19439143;NATAL SUL;LITORAL
ESCOLA ESTADUAL PADRE MONTE;NATAL;ROCAS;000168992017;;1111111;RBA-01P8;-5,77718856;-35,19910278;NATAL SUL;LITORAL
ESCOLA ESTADUAL PEREGRINO JUNIOR - 1ª ZE - NATAL;NATAL;POTENGI;000169539014;V10531;3119764;PGI-01P1;-5,75631900;-35,25538200;NATAL NORTE;LITORAL
ESCOLA ESTADUAL PROF. ANISIO TEIXEIRA;NATAL;PETROPOLIS;000047946018;B6285;3006335;RBA-01P5;-5,78493672;-35,20069828;NATAL SUL;LITORAL
ESCOLA ESTADUAL PROF. JOSINO MACÊDO - 1ª ZE - NATAL;NATAL;POTENGI;007021522206;V06949;3086327;IGA-01Z7;-5,76085650;-35,26000740;NATAL NORTE;LITORAL
ESCOLA ESTADUAL PROF. SEVERINO BEZERRA DE MELO;NATAL;MAE LUIZA;000051237013;C6093;2672607;PTR-01S5;-5,79514148;-35,18826828;NATAL SUL;LITORAL
ESCOLA ESTADUAL PROF. VARELA BARCA;NATAL;POTENGI;000148790019;B3606;3002131;PGI-01P1;-5,75032939;-35,25237567;NATAL NORTE;LITORAL
ESCOLA ESTADUAL ROMULO WANDERLEY - 1ª ZE - NATAL;NATAL;POTENGI;000146808018;B4218;3002037;IGA-01Z7;-5,75642110;-35,24908640;NATAL NORTE;LITORAL
ESCOLA ESTADUAL SEN. DINARTE MARIZ;NATAL;MAE LUIZA;000169095019;V05843;3102573;PTR-01S5;-5,79650176;-35,18546687;NATAL SUL;LITORAL
ESCOLA ESTADUAL WALTER DUARTE PEREIRA;NATAL;POTENGI;000145270014;B4965;251876;PGI-01P1;-5,75152519;-35,25877866;NATAL NORTE;LITORAL
ESCOLA ESTADUAL 15 DE OUTUBRO;NATAL;POTENGI;000159570010;B0214;254196;PJA-01J3;-5,74025438;-35,25319079;NATAL NORTE;LITORAL
ESCOLA MUNICIPAL ANTONIO CAMPOS;NATAL;MAE LUIZA;000169089019;C4510;3064731;PTR-01S5;-5,80006109;-35,18368263;NATAL SUL;LITORAL
ESCOLA MUNICIPAL HENRIQUE CASTRICIANO;NATAL;ROCAS;000169000018;V06921;3086152;RBA-01P6;-5,77266417;-35,19723017;NATAL SUL;LITORAL
ESCOLA MUNICIPAL JOSE DO PATROCINIO PEREIRA PINTO;NATAL;POTENGI;000147187017;C0723;3051571;PGI-01P5;-5,75702446;-35,24144589;NATAL NORTE;LITORAL
ESCOLA MUNICIPAL MARIA MADALENA;NATAL;POTENGI;000850646333;B0258;3039952;PJA-01J3;-5,73520802;-35,25187995;NATAL NORTE;LITORAL
ESCOLA MUNICIPAL MONS. JOSE ALVES LANDIM - 1ª ZE - NATAL;NATAL;POTENGI;000146900011;B3489;3002021;IGA-01Z7;-5,75362330;-35,25113170;NATAL NORTE;LITORAL
ESCOLA MUNICIPAL NOILDE RAMALHO;NATAL;REDINHA;000136435019;A3824;3112200;PGI-01P3;-5,74298253;-35,21277798;NATAL NORTE;LITORAL
ESCOLA MUNICIPAL NOSSA SENHORA DOS NAVEGANTES;NATAL;REDINHA;000136580019;M74140;3051901;PGI-01P3;-5,74886080;-35,20562578;NATAL NORTE;LITORAL
ESCOLA MUNICIPAL PROFª IAPISSARA AGUIAR - 1ª ZE - NATAL;NATAL;POTENGI;000850416818;V04544;3068784;IGA-01Z8;-5,76129550;-35,25381590;NATAL NORTE;LITORAL
ESCOLA MUNICIPAL PROFª MALVINA COSME - 1ª ZE - NATAL;NATAL;POTENGI;000850250430;V06903;3085778;PGI-01P1;-5,75885830;-35,25080330;NATAL NORTE;LITORAL
ESCOLA MUNICIPAL PROFA. ADELINA FERNANDES;NATAL;POTENGI;000149379010;B3991;3068547;PGI-01P1;-5,74481050;-35,25266509;NATAL NORTE;LITORAL
ESCOLA MUNICIPAL PROFA. LAURA MAIA;NATAL;PRAIA DO MEIO;000049060017;B5978;2675697;RBA-01P2;-5,78170601;-35,19401290;NATAL SUL;LITORAL
ESCOLA MUNICIPAL PROFA. PALMIRA DE SOUSA;NATAL;POTENGI;000145043018;GD1265;25209XX;IGA-01Z7;-5,75099755;-35,25791693;NATAL NORTE;LITORAL
ESCOLA MUNICIPAL SANTOS REIS;NATAL;SANTOS REIS;007000948637;V03490;3060209;RBA-01P6;-5,76854333;-35,20243779;NATAL SUL;LITORAL
HIPOCRATES COLEGIO E CURSO - ZONA NORTE;NATAL;POTENGI;000850524971;P08990M;3030478;IGA-01Z9;-5,76645560;-35,25477460;NATAL NORTE;LITORAL
IFRN ZONA NORTE;NATAL;POTENGI;000145110017;MG2960;25151;IGA-01Z7;-5,74914479;-35,26018348;NATAL NORTE;LITORAL
MUNDI COLÉGIO E CURSO;NATAL;POTENGI;007027433957;V04938;3070823;IGA-01Z7;-5,76595250;-35,26034090;NATAL NORTE;LITORAL
CENTRO DE APOIO PEDAGÓGICO À PESSOA COM DEFICIÊNCIA VISUAL - CAP;NATAL;DIX-SEPT ROSADO;007009709295;V05579;3075018;ALE-01L3;-5,81189870;-35,22273980;NATAL SUL;LITORAL
CMEI - FRANCISCA ANASTÁCIA DE SOUTO;NATAL;DIX-SEPT ROSADO;000033012012;G0438;3072660;NTU-01J3;-5,81398050;-35,23018830;NATAL SUL;LITORAL
CMEI - NOSSA SENHORA DE SANTANA;NATAL;NORDESTE;000580310010;GD1461;3044281;NTU-01J1;-5,79908297;-35,23901816;NATAL SUL;LITORAL
COLEGIO MARISTA;NATAL;CIDADE ALTA;000856575888;V03088;3050908;CNT-01C1;-5,79000266;-35,20463532;NATAL SUL;LITORAL
COLEGIO NOSSA SENHORA DAS NEVES;NATAL;ALECRIM;000857110870;V04776;3069736;ALE-01L1;-5,79297418;-35,21241021;NATAL SUL;LITORAL
ESCOLA DE 1 GRAU DOM MARCOLINO DANTAS;NATAL;LAGOA SECA;000022074016;B7240;3132827;ALE-01L4;-5,80632120;-35,21379150;NATAL SUL;LITORAL
ESCOLA ESTADUAL PROFESSOR JOÃO TIBÚRCIO;NATAL;ALECRIM;000038214012;GD5289;2096145;ALE-01L1;-5,79849920;-35,21766450;NATAL SUL;LITORAL
ESCOLA ESTADUAL ESTELA GONCALVES;NATAL;ALECRIM;000008006016;A7557;3009341;CNT-01C6;-5,79402090;-35,22268370;NATAL SUL;LITORAL
ESCOLA ESTADUAL FELIZARDO MOURA;NATAL;QUINTAS;000009550011;B8123;2672235;ALE-01L2;-5,79748561;-35,23513997;NATAL SUL;LITORAL
ESCOLA ESTADUAL GRACILIANO LORDÃO;NATAL;QUINTAS;000015179015;;301085X;NTU-01J2;-5,80133960;-35,23030230;NATAL SUL;LITORAL
ESCOLA ESTADUAL IMPERIAL MARINHEIRO;NATAL;NORDESTE;000851775935;GD1776;3045589;NTU-01J1;-5,79337001;-35,24453558;NATAL SUL;LITORAL
ESCOLA ESTADUAL JERONIMO GUEIROS;NATAL;BARRO VERMELHO;000042021016;D2579;3007480;CNT-01C5;-5,79756140;-35,20995890;NATAL SUL;LITORAL
ESCOLA ESTADUAL MANOEL DANTAS ENSINO DO 1 GRAU;NATAL;TIROL;000055949018;B6440;3007229;CNT-01C4;-5,79758988;-35,20448289;NATAL SUL;LITORAL
ESCOLA ESTADUAL MARIA MONTEZUMA;NATAL;QUINTAS;000011153011;E2132;2672282;NTU-01J2;-5,80131316;-35,23597808;NATAL SUL;LITORAL
ESCOLA ESTADUAL MASCARENHAS HOMEM;NATAL;LAGOA SECA;000168615019;B6771;2378582;LNV-01V4;-5,80704730;-35,20861120;NATAL SUL;LITORAL
ESCOLA ESTADUAL PROF. FRANCISCO IVO CAVALCANTI;NATAL;DIX-SEPT ROSADO;000028462018;A7834;3134540;ALE-01L3;-5,80541220;-35,22795920;NATAL SUL;LITORAL
ESCOLA ESTADUAL PROF. LUIS SOARES;NATAL;DIX-SEPT ROSADO;007016593308;V08364;3098721;ALE-01L3;-5,80706140;-35,22840520;NATAL SUL;LITORAL
ESCOLA ESTADUAL PROFESSORA JUDITE BEZERRA DE MELO;NATAL;NOSSA SENHORA DE NAZARE;000037478016;D8469;3074311;NTU-01J5;-5,82015610;-35,22969070;NATAL SUL;LITORAL
ESCOLA ESTADUAL PROFESSORA MARIA ILKA DE MOURA;NATAL;BOM PASTOR;000013988013;I0539;3072597;NTU-01J2;-5,80817673;-35,23620481;NATAL SUL;LITORAL
ESCOLA ESTADUAL SEBASTIAO FERNANDES;NATAL;TIROL;000055949018;B6440;3007229;CNT-01C4;-5,79775850;-35,20413365;NATAL SUL;LITORAL
ESCOLA ESTADUAL TIRADENTES;NATAL;BARRO VERMELHO;000001801015;C6521;2125385;CNT-01C5;-5,80298300;-35,20917480;NATAL SUL;LITORAL
ESCOLA ESTADUAL WINSTON CHURCHIL;NATAL;CIDADE ALTA;000002250012;D2250;1925059;CNT-01C7;-5,78366339;-35,20595230;NATAL SUL;LITORAL
ESCOLA MUNICIPAL CHICO SANTEIRO;NATAL;NORDESTE;000012535015;E1543;3075400;NTU-01J1;-5,79828470;-35,24166857;NATAL SUL;LITORAL
ESCOLA MUNICIPAL FERREIRA ITAJUBA;NATAL;QUINTAS;000015258012;A8181;3010870;NTU-01J2;-5,80057400;-35,22937930;NATAL SUL;LITORAL
ESCOLA MUNICIPAL JOAO XXIII;NATAL;QUINTAS;007022693756;A8219;2122892;ALE-01L2;-5,80389960;-35,22450880;NATAL SUL;LITORAL
ESCOLA MUNICIPAL JOAQUIM HONORIO;NATAL;QUINTAS;000856519244;V03100;3050934;ALE-01L2;-5,80415690;-35,22369860;NATAL SUL;LITORAL
ESCOLA MUNICIPAL JUVENAL LAMARTINE;NATAL;LAGOA SECA;000022074016;B7240;3132827;ALE-01L4;-5,80668090;-35,21418370;NATAL SUL;LITORAL
ESCOLA MUNICIPAL PREFEITO MARIO LIRA;NATAL;DIX-SEPT ROSADO;000022488015;C7815;2673024;ALE-01L3;-5,80850990;-35,22436410;NATAL SUL;LITORAL
ESCOLA MUNICIPAL PROF. BERILO WANDERLEY;NATAL;QUINTAS;000029684014;B8226;3010823;NTU-01J2;-5,80593625;-35,23109746;NATAL SUL;LITORAL
ESCOLA MUNICIPAL PROFA ANGELICA DE ALMEIDA MOURA;NATAL;QUINTAS;000009624015;E1379;2672743;NTU-01J2;-5,80309221;-35,23637658;NATAL SUL;LITORAL
ESCOLA MUNICIPAL PROFESSOR ZUZA;NATAL;NOSSA SENHORA DE NAZARE;000036055014;MG2416;3120171;NTU-01J7;-5,81470124;-35,23133911;NATAL SUL;LITORAL
ESCOLA MUNICIPAL PROFESSORA FRANCISCA FERREIRA DA SILVA;NATAL;BOM PASTOR;000020265019;B7808;3125978;NTU-01J1;-5,80929047;-35,24394751;NATAL SUL;LITORAL
ESCOLA MUNICIPAL SAO FRANCISCO DE ASSIS;NATAL;NOSSA SENHORA DE NAZARE;007000886909;V03363;3060188;NTU-01J5;-5,81396419;-35,23470411;NATAL SUL;LITORAL
ESCOLA MUNICIPAL 4º CENTENÁRIO;NATAL;ALECRIM;000853421170;V01138;3041804;CNT-01C6;-5,79318547;-35,21656802;NATAL SUL;LITORAL
ESCOLA ROTARY;NATAL;QUINTAS;000017194011;I0848;2672764;NTU-01J2;-5,80312940;-35,23082640;NATAL SUL;LITORAL
ÊXITO COLÉGIO E CURSO;NATAL;ALECRIM;000008904014;C6609;3128358;ALE-01L1;-5,79995920;-35,21624280;NATAL SUL;LITORAL
FACULDADE ESTÁCIO - UNIDADE ALEXANDRINO DE ALENCAR;NATAL;ALECRIM;007014504642;V00003;3035628;CNT-01C5;-5,80038920;-35,21239650;NATAL SUL;LITORAL
IFRN - INSTITUTO FEDERAL DE EDUCAÇÃO;16.0;SANTA CRUZ;007000662130;PY15248;3100358;CGR-01C3;-6,22826010;-6,22826010;SERIDO;OESTE-SERIDÓ
INSTITUTO ARY PARREIRAS;NATAL;ALECRIM;000169628017;V08214;3096958;ALE-01L1;-5,79963570;-35,21943840;NATAL SUL;LITORAL
INSTITUTO DA SAGRADA FAMILIA;NATAL;ALECRIM;000169641013;A8286;3011282;ALE-01L2;-5,79755120;-35,21841570;NATAL SUL;LITORAL
INSTITUTO MARIA AUXILIADORA;NATAL;TIROL;007005272232;C4311;3116514;PTR-01S3;-5,78867841;-35,19597008;NATAL SUL;LITORAL
INSTITUTO PADRE MIGUELINHO;NATAL;ALECRIM;000006043011;C7378;3008950;CNT-01C6;-5,79329492;-35,21450579;NATAL SUL;LITORAL
INSTITUTO REIS MAGOS;NATAL;ALECRIM;000005994012;I1794;3053825;ALE-01L1;-5,79534545;-35,21282580;NATAL SUL;LITORAL
UNI - RN;NATAL;TIROL;000047532019;C4346;2672591;PTR-01S3;-5,79380098;-35,19383101;NATAL SUL;LITORAL
CEI - ROMUALDO GALVÃO;NATAL;LAGOA NOVA;000851111816;V00022;303588X;LNV-01V5;-5,81630300;-35,20970950;NATAL SUL;LITORAL
CENTRO UNIVERSITÁRIO NATALENSE - UNICEUNA;NATAL;LAGOA NOVA;000001588010;A8530;1735440;NTU-01J7;-5,82456610;-35,21522020;NATAL SUL;LITORAL
CMEI HAYDEE MONTEIRO BEZERRA DE MELO;NATAL;PONTA NEGRA;000107741011;MG2169;304777X;JQI-01S8;-5,88575930;-35,16538610;NATAL SUL;LITORAL
COLÉGIO OBJETIVO;NATAL;LAGOA NOVA;000060368015;C8015;3012438;LNV-01V5;-5,81713020;-35,20355950;NATAL SUL;LITORAL
COMPLEXO EDUCACIONAL CONTEMPORANEO I;NATAL;LAGOA NOVA;000068186013;I2252;3034561;LNV-01V6;-5,82808020;-35,20600980;NATAL SUL;LITORAL
COMPLEXO EDUCACIONAL CONTEMPORÂNEO II;NATAL;LAGOA NOVA;007015098206;V04279;3064114;LNV-01V6;-5,82795170;-35,20646010;NATAL SUL;LITORAL
ESCOLA E. PROF. JOSÉ FERNANDES MACHADO;NATAL;PONTA NEGRA;000000412015;V06778;3088308;CPM-01M2;-5,87271930;-35,18921690;NATAL SUL;LITORAL
ESCOLA ESTADUAL DES. FLORIANO CAVALCANTI;NATAL;CAPIM MACIO;000000405019;V08531;2124596;NEO-01N3;-5,84100970;-35,20698240;NATAL SUL;LITORAL
ESCOLA ESTADUAL DR. MANOEL VILLAÇA;NATAL;LAGOA NOVA;000064264010;A8491;3011481;NTU-01J7;-5,81893310;-35,22053199;NATAL SUL;LITORAL
ESCOLA ESTADUAL FERREIRA ITAJUBA;NATAL;NEOPOLIS;000072451015;C8759;301843X;NEO-01N7;-5,85524330;-35,21006580;NATAL SUL;LITORAL
ESCOLA ESTADUAL JERONIMO DE ALBUQUERQUE;NATAL;PONTA NEGRA;000107486011;GD5978;301740X;JQI-01S8;-5,88353760;-35,17249830;NATAL SUL;LITORAL
ESCOLA ESTADUAL JORGE FERNANDES;NATAL;LAGOA NOVA;000068070015;I2176;3116896;LNV-01V6;-5,82829490;-35,20850890;NATAL SUL;LITORAL
ESCOLA ESTADUAL MONSENHOR WALFREDO GURGEL;NATAL;CANDELARIA;000096261012;F5841;3128022;NEO-01N2;-5,83858060;-35,21780300;NATAL SUL;LITORAL
ESCOLA ESTADUAL NESTOR LIMA;NATAL;LAGOA NOVA;007009418231;V07100;3087155;LNV-01V4;-5,81189050;-35,21232710;NATAL SUL;LITORAL
ESCOLA ESTADUAL PRESIDENTE KENNEDY;NATAL;LAGOA NOVA;000064034014;G2062;301188X;NTU-01J3;-5,81845778;-35,21817006;NATAL SUL;LITORAL
ESCOLA ESTADUAL PROFESSOR JOAQUIM TORRES;NATAL;LAGOA NOVA;007006772506;N03168;3035811;NTU-01J6;-5,82172490;-35,22612130;NATAL SUL;LITORAL
ESCOLA ESTADUAL PROFESSOR LUIZ ANTONIO;NATAL;CANDELARIA;000097203016;F5627;301681X;NEO-01N1;-5,83674120;-35,22064880;NATAL SUL;LITORAL
ESCOLA MUNICIPAL ARNALDO MONTEIRO;NATAL;NEOPOLIS;000103449014;F8436;3019428;NEO-01N6;-5,86909140;-35,19939410;NATAL SUL;LITORAL
ESCOLA MUNICIPAL PROFESSOR ANTONIO SEVERIANO;NATAL;NEOPOLIS;000080545010;G7642;3134458;NEO-01N7;-5,87069720;-35,21496160;NATAL SUL;LITORAL
INSTITUTO PRESIDENTE KENNEDY;NATAL;LAGOA NOVA;000001569015;V05924;3077806;NTU-01J3;-5,81811364;-35,21894119;NATAL SUL;LITORAL
UFRN - SETOR DE AULAS I;NATAL;LAGOA NOVA;007004704066;I2125;3011806;LNV-01V6;-5,83756380;-35,19812240;NATAL SUL;LITORAL
UNIVERSIDADE POTIGUAR - CAMPUS DA SALGADO FILHO;NATAL;LAGOA NOVA;000059342010;G1402;2673731;LNV-01V5;-5,81450880;-35,20580800;NATAL SUL;LITORAL
ADOTE;NATAL;CIDADE DA ESPERANCA;000040329013;N21256;3033243;PLT-01L3;-5,82818420;-35,24105250;NATAL SUL;LITORAL
CAIC - CENTRO DE APOIO A CRIANCA - PROF. OTTO DE BRITO GUERRA;NATAL;PITIMBU;000001722018;F0861;3016301;PNA-01M1;-5,85366670;-35,24581320;NATAL SUL;LITORAL
CENTRO ESTADUAL DE EDUCAÇÃO PROFISSIONAL PITIMBU;NATAL;PITIMBU;007009804700;V06306;3081419;PLT-01L2;-5,84896200;-35,23898590;NATAL SUL;LITORAL
CMEI - ARNALDO ASSÊNIO DE AZEVEDO;NATAL;GUARAPES;007018643531;L89019;3109622;PLT-01L4;-5,83754510;-35,26466370;NATAL SUL;LITORAL
CMEI CLARA CAMARÃO;NATAL;PLANALTO;000110872011;F6186;2014937;NTU-01M2;-5,82243540;-35,26137760;NATAL SUL;LITORAL
CMEI FERNANDA JALLES;NATAL;PITIMBU;000092138011;G5377;3016097;PLT-01L2;-5,85438390;-35,24071510;NATAL SUL;LITORAL
CMEI NOSSA SENHORA AUXILIADORA;NATAL;CIDADE DA ESPERANCA;000121673010;A8673;3124443;NTU-01M3;-5,82313170;-35,24091500;NATAL SUL;LITORAL
CMEI NOSSA SENHORA DE FÁTIMA;NATAL;FELIPE CAMARAO;000114608017;G6990;3068099;NTU-01M3;-5,83036410;-35,24528870;NATAL SUL;LITORAL
CMEI PROFESSORA MARIA SALETE ALVES BILA;NATAL;PLANALTO;000850502331;F5008;3069015;PLT-01L3;-5,84893320;-35,25516800;NATAL SUL;LITORAL
COLÉGIO E CURSO PIAGET;NATAL;PITIMBU;000000332011;F0444;212294X;NEO-01N9;-5,87115620;-35,22160400;NATAL SUL;LITORAL
CONCITEL - CONSELHO COMUNITARIO DE CIDADE SATELITE;NATAL;PITIMBU;000099369019;MG3800;3018383;NEO-01N9;-5,86825330;-35,23449670;NATAL SUL;LITORAL
ESCOLA ESTADUAL ANTONIO PINTO DE MEDEIROS;NATAL;PITIMBU;000091917017;G5217;3074244;PLT-01L2;-5,85639170;-35,24043330;NATAL SUL;LITORAL
ESCOLA ESTADUAL BELÉM CÂMARA;NATAL;CIDADE DA ESPERANCA;000119137012;D7496;3009870;NTU-01M1;-5,82597320;-35,23963320;NATAL SUL;LITORAL
ESCOLA ESTADUAL CLARA CAMARÃO;NATAL;FELIPE CAMARAO;000110872011;F6186;2014937;NTU-01M2;-5,82251970;-35,26130980;NATAL SUL;LITORAL
ESCOLA ESTADUAL DJALMA ARANHA MARINHO;NATAL;PITIMBU;000099052015;G2555;3018382;NEO-01N9;-5,86881320;-35,23400790;NATAL SUL;LITORAL
ESCOLA ESTADUAL EURIPEDES BARSANULFO;NATAL;FELIPE CAMARAO;000115004018;G7070;3062934;NTU-01M3;-5,82802110;-35,24779420;NATAL SUL;LITORAL
ESCOLA ESTADUAL LAURO DE CASTRO;NATAL;CIDADE DA ESPERANCA;000119498015;D7657;2673464;NTU-01M1;-5,82228630;-35,23614930;NATAL SUL;LITORAL
ESCOLA ESTADUAL MONSENHOR MATA;NATAL;CIDADE DA ESPERANCA;000121673010;A8673;3124443;NTU-01M3;-5,82287500;-35,24169170;NATAL SUL;LITORAL
ESCOLA ESTADUAL PROF. LUIZ DA CAMARA CASCUDO;NATAL;CIDADE DA ESPERANCA;007011518685;V03379;305245X;NTU-01J5;-5,83394430;-35,22951120;NATAL SUL;LITORAL
ESCOLA ESTADUAL PROFA. MARIA QUEIROZ;NATAL;FELIPE CAMARAO;000660734015;F6860;3076953;NTU-01M2;-5,82343280;-35,25473120;NATAL SUL;LITORAL
ESCOLA ESTADUAL PROFESSOR RAIMUNDO SOARES;NATAL;CIDADE DA ESPERANCA;000119413010;D7330;3009797;NTU-01M1;-5,82250890;-35,23478550;NATAL SUL;LITORAL
ESCOLA ESTADUAL PROFESSORA MARIA LUIZA ALVES COSTA;NATAL;FELIPE CAMARAO;000114906018;F6851;3031754;NTU-01M2;-5,82441910;-35,25386310;NATAL SUL;LITORAL
ESCOLA ESTADUAL 12 DE OUTUBRO;NATAL;FELIPE CAMARAO;000109689017;E7085;2179341;NTU-01M2;-5,81552980;-35,24979670;NATAL SUL;LITORAL
ESCOLA MUNICIPAL ALMERINDA BEZERRA FURTADO;NATAL;GUARAPES;000721707024;P21560;3049452;PLT-01L1;-5,84369950;-35,27417020;NATAL SUL;LITORAL
ESCOLA MUNICIPAL ASCENDINO DE ALMEIDA;NATAL;PITIMBU;007009804700;V06306;3081419;PLT-01L2;-5,84968830;-35,23923170;NATAL SUL;LITORAL
ESCOLA MUNICIPAL CELESTINO PIMENTEL;NATAL;CIDADE DA ESPERANCA;000001755013;A8899;1765999;NTU-01M1;-5,82576000;-35,23609500;NATAL SUL;LITORAL
ESCOLA MUNICIPAL DJALMA MARANHAO;NATAL;FELIPE CAMARAO;000114105015;G6567;3131770;NTU-01M3;-5,83016330;-35,24744330;NATAL SUL;LITORAL
ESCOLA MUNICIPAL EMMANOEL BEZERRA;NATAL;PLANALTO;000126527012;F5022;3127186;PLT-01L3;-5,84804380;-35,25479090;NATAL SUL;LITORAL
ESCOLA MUNICIPAL IVONETE MACIEL;NATAL;CIDADE DA ESPERANCA;000118176014;A8886;3101881;NTU-01M1;-5,82524840;-35,23443100;NATAL SUL;LITORAL
ESCOLA MUNICIPAL LUIZ MARANHAO FILHO;NATAL;CIDADE NOVA;007026928693;L81970;3124434;PLT-01L3;-5,83225360;-35,24031840;NATAL SUL;LITORAL
ESCOLA MUNICIPAL PRFª Mª CRISTINA OSORIO TAVARES;NATAL;FELIPE CAMARAO;000854086502;V01987;304641X;NTU-01M2;-5,82412290;-35,25840890;NATAL SUL;LITORAL
ESCOLA MUNICIPAL PROF. TEREZA SATSUQUI AOQUI DE CARVALHO;NATAL;PITIMBU;000100133016;G4104;3066258;PNA-01M1;-5,85541170;-35,24585040;NATAL SUL;LITORAL
ESCOLA MUNICIPAL PROFESSOR BERNARDO NASCIMENTO;NATAL;FELIPE CAMARAO;000114906018;F6851;3031754;NTU-01M2;-5,82471200;-35,25393630;NATAL SUL;LITORAL
ESCOLA MUNICIPAL PROFESSOR FRANCISCO DE ASSIS VARELA CAVALCANTE;NATAL;GUARAPES;000116299011;B12457;3012113;PLT-01L1;-5,84147870;-35,27486420;NATAL SUL;LITORAL
ESCOLA MUNICIPAL PROFESSOR VERISSIMO DE MELO;NATAL;FELIPE CAMARAO;000111193010;F6729;2014921;NTU-01M2;-5,82495610;-35,26089100;NATAL SUL;LITORAL
ESCOLA MUNICIPAL PROFESSORA EMILIA RAMOS;NATAL;CIDADE NOVA;000122126013;D7956;3028605;PLT-01L3;-5,83293500;-35,23994000;NATAL SUL;LITORAL
ESCOLA MUNICIPAL PROFESSORA MARISE PAIVA;NATAL;CIDADE NOVA;007026928693;L81970;3124434;PLT-01L3;-5,83247540;-35,24045240;NATAL SUL;LITORAL
ESCOLA MUNICIPAL ZENEIDE IGINO DE MOURA;NATAL;CIDADE NOVA;007020175162;V09267;3108963;PLT-01L3;-5,83266020;-35,24068950;NATAL SUL;LITORAL
ESCOLA UNIVERSO DA CRIANÇA;NATAL;PLANALTO;000126291019;F4621;3016495;PNA-01M1;-5,85724860;-35,25329600;NATAL SUL;LITORAL
EXPANSIVO COLÉGIO E CURSO - UNIDADE PLANALTO;NATAL;PLANALTO;000854741578;MG1969;3037536;PLT-01L1;-5,84829400;-35,26110840;NATAL SUL;LITORAL
FUNDACAO BRADESCO;NATAL;FELIPE CAMARAO;000113180013;F7052;2676423;NTU-01M2;-5,82725140;-35,25522490;NATAL SUL;LITORAL
IERN;NATAL;FELIPE CAMARAO;000000114014;V09816;3114508;NTU-01M3;-5,81740670;-35,24398490;NATAL SUL;LITORAL
INSTITUTO BRASIL LTDA;NATAL;PITIMBU;007028350443;V03454;3060057;NEO-01N9;-5,87167670;-35,23161000;NATAL SUL;LITORAL
ESCOLA ESTADUAL JOAO ALVES DE MELO;BOM JESUS;CENTRO;000314184017;E16101;3073054;ELS-01S2;-5,98169260;-35,58222110;LITORAL SUL;LITORAL
ESCOLA ESTADUAL NATALIA FONSECA;BOM JESUS;CENTRO;000314095014;P71565;3073059;ELS-01S2;-5,98485030;-35,58406370;LITORAL SUL;LITORAL
ESCOLA MUNICIPAL ALICE GARCIA FREIRE;BOM JESUS;CENTRO;007008782045;V06254;3077994;ELS-01S2;-5,98541700;-35,58351880;LITORAL SUL;LITORAL
ESCOLA MUNICIPAL DEMÉTRIOS SOARES;BOM JESUS;ZONA RURAL;007000901215;P44971;2051319;ELS-01S1;-6,03945500;-35,59872890;LITORAL SUL;LITORAL
ESCOLA MUNICIPAL DIÁ AZEVEDO;BOM JESUS;CAIXA D'ÁGUA;000853606855;N58780;2468796;ELS-01S2;-5,98722030;-35,57664960;LITORAL SUL;LITORAL
ESCOLA MUNICIPAL MAE SANTA;BOM JESUS;ZONA RURAL;007000918274;L41390;3093521;SPG-01P4;-5,96337600;-35,62578860;LITORAL SUL;LITORAL
ESCOLA MUNICIPAL SEVERINA AZEVEDO;BOM JESUS;ZONA RURAL;007007594229;R19431;3115604;ELS-01S2;-5,99061820;-35,54868010;LITORAL SUL;LITORAL
ANEXO DA ESCOLA MUNICIPAL SEVERINO FIRME DOS SANTOS;MACAÍBA;ZONA RURAL;007020086160;N66143;3104006;MCB-01M2;-5,88228080;-35,52735910;PARNAMIRIM;LITORAL
ASSOCIAÇAO DO PROJETO DE ASSENTAMENTO E REFORMA AGRARIA JOSE COELHO;MACAÍBA;ZONA RURAL;000851180303;C11412;3072567;MCB-01M2;-5,88968870;-35,47925250;PARNAMIRIM;LITORAL
ASSOCIAÇÃO DOS MORADORES CASA DE FARINHA;MACAÍBA;ZONA RURAL;000856330168;P19391;3077536;JPC-01J4;-5,98634880;-35,37814740;PARNAMIRIM;LITORAL
CEEP PROFª AMAZONINA TEIXEIRA DE CARVALHO;MACAÍBA;MANGABEIRA;007026273468;V08605;3101860;MCB-01M1;-5,85947590;-35,31744570;PARNAMIRIM;LITORAL
CENTRO EDUCACIONAL PRÉ-ESCOLAR LUIZ DA CÂMARA CASCUDO;MACAÍBA;CENTRO;000293696012;P18488;2676659;MCB-01M5;-5,85619990;-35,34992200;PARNAMIRIM;LITORAL
CENTRO SOCIAL DE LAGOA NOVA;MACAÍBA;ZONA RURAL;000357068010;P73334;2035805;VCR-01V1;-5,99161317;-35,46397179;PARNAMIRIM;LITORAL
CENTRO SOCIAL PADRE ALEXANDRINO SUASSUNA;MACAÍBA;ZONA RURAL;000355504018;P22462;453498;MCB-01M4;-5,96012930;-35,42200690;PARNAMIRIM;LITORAL
CENTRO SOCIAL PORTEIRAS;MACAÍBA;ZONA RURAL;000855487560;P73132;3046226;VCR-01V1;-5,99239720;-35,51211630;PARNAMIRIM;LITORAL
CMEI EUNICE EUGÊNIA;MACAÍBA;CENTRO;007006653558;V05490;3074339;MCB-01M1;-5,86382320;-35,35074770;PARNAMIRIM;LITORAL
CRAS - CENTRO DE REFERÊNCIA E ASSISTÊNCIA SOCIAL;MACAÍBA;CONJUNTO IPE;007005947655;V05533;3074505;MCB-01M3;-5,85422220;-35,35208440;PARNAMIRIM;LITORAL
CRECHE MUNICIPAL GETÚLIO GARCIA DA NÓBREGA;MACAÍBA;ZONA RURAL;007004748861;R45249;3064858;ELS-01S2;-5,92307400;-35,53704690;PARNAMIRIM;LITORAL
CRECHE MUNICIPAL PROFª MARLIETE FREIRE DE MACEDO (ANTIGO CCI);MACAÍBA;CAMPO DA SANTA CRUZ;000335795016;O73385;3130692;MCB-01M3;-5,84970590;-35,35459230;PARNAMIRIM;LITORAL
EAJ - ESCOLA AGRÍCOLA DO JUNDIAI;MACAÍBA;ZONA RURAL;007003181620;M67427;3051372;MCB-01M4;-5,88500560;-35,36563960;PARNAMIRIM;LITORAL
ESCOLA ESTADUAL ALFREDO MESQUITA FILHO;MACAÍBA;CENTRO;007013656252;V07672;3093274;MCB-01M3;-5,85613170;-35,35838880;PARNAMIRIM;LITORAL
ESCOLA ESTADUAL ARCELINA FERNANDES;MACAÍBA;CENTRO;000292910010;P19632;2210119;MCB-01M1;-5,85792590;-35,34222890;PARNAMIRIM;LITORAL
ESCOLA ESTADUAL AUTA DE SOUZA;MACAÍBA;CENTRO;000377116011;V08745;3104234;MCB-01M5;-5,85739820;-35,35172900;PARNAMIRIM;LITORAL
ESCOLA ESTADUAL DR. JOÃO CHAVES;MACAÍBA;MANGABEIRA;000292594011;L23507;110974X;MCB-01M1;-5,84734520;-35,30892910;PARNAMIRIM;LITORAL
ESCOLA ESTADUAL DR. SEVERIANO;MACAÍBA;CENTRO;000333424010;A10713;3128379;MCB-01M1;-5,86038970;-35,34855790;PARNAMIRIM;LITORAL
ESCOLA ESTADUAL HENRIQUE CASTRICIANO;MACAÍBA;CENTRO;000293297010;P19647;2676601;MCB-01M1;-5,86117220;-35,34565040;PARNAMIRIM;LITORAL
ESCOLA ESTADUAL OTACILIO ALECRIM;MACAÍBA;CENTRO;000335253019;P18569;2676575;MCB-01M5;-5,84975770;-35,34897170;PARNAMIRIM;LITORAL
ESCOLA ESTADUAL PROFª FRANCISCA CASTRO GOMES ANDRADE;MACAÍBA;RECREIO DO TREVO;000356626010;B11611;3089498;MCB-01M1;-5,86034510;-35,33616540;PARNAMIRIM;LITORAL
ESCOLA ESTADUAL PROFª IVONETE FELIPE DE SOUZA;MACAÍBA;TRAIRAS;007015639649;GD3523;3100748;VCR-01V1;-5,98706440;-35,48527160;PARNAMIRIM;LITORAL
ESCOLA ESTADUAL PROFª MARILUZA ALMEIDA FLORENTINO;MACAÍBA;CENTRO;000336437016;P18573;3052109;MCB-01M5;-5,84457300;-35,34948540;PARNAMIRIM;LITORAL
ESCOLA ESTADUAL PROF. PAULO NOBRE;MACAÍBA;CENTRO;000333424010;A10713;3128379;MCB-01M1;-5,85981500;-35,34802230;PARNAMIRIM;LITORAL
ESCOLA MUNICIPAL ALFREDO LIRA;MACAÍBA;ZONA RURAL;000355356019;P71680;2036086;ELS-01S2;-5,93275440;-35,54471200;PARNAMIRIM;LITORAL
ESCOLA MUNICIPAL AUTA DE SOUZA;MACAÍBA;CENTRO;007006653558;V05490;3074339;MCB-01M1;-5,86338530;-35,35081840;PARNAMIRIM;LITORAL
ESCOLA MUNICIPAL BARTOLOMEU FAGUNDES;MACAÍBA;ZONA RURAL;007005771670;L93545;3064680;MCB-01M2;-5,87295040;-35,43400760;PARNAMIRIM;LITORAL
ESCOLA MUNICIPAL CRECHE FRANCISCO FALCAO FREIRE;MACAÍBA;CENTRO;000354463016;A11791;1517889;MCB-01M3;-5,84901770;-35,37000040;PARNAMIRIM;LITORAL
ESCOLA MUNICIPAL DEYSE HALL;MACAÍBA;CAMPINAS;000334646017;B11135;3074294;MCB-01M6;-5,87047060;-35,35013030;PARNAMIRIM;LITORAL
ESCOLA MUNICIPAL ELVIRO XAVIER DE SOUZA;MACAÍBA;ZONA RURAL;000377151011;P21520;2039286;MCB-01M1;-5,84553820;-35,28280620;PARNAMIRIM;LITORAL
ESCOLA MUNICIPAL FRANCISCO GENIVAL DA SILVA;MACAÍBA;CENTRO;000333419017;B11525;2676727;MCB-01M6;-5,86907960;-35,34278670;PARNAMIRIM;LITORAL
ESCOLA MUNICIPAL IOLANDA CHAVES LUCENA;MACAÍBA;ZONA RURAL;007006537256;M25191;2545236;MCB-01M2;-5,84822210;-35,46359770;PARNAMIRIM;LITORAL
ESCOLA MUNICIPAL JESSE PINTO FREIRE;MACAÍBA;ZONA RURAL;007001152097;P52146;2050666;ELS-01S1;-6,04954410;-35,55028370;PARNAMIRIM;LITORAL
ESCOLA MUNICIPAL JOAO FAUSTINO;MACAÍBA;ZONA RURAL;007002314660;M37861;3048506;PNA-01P8;-5,87356560;-35,30586130;PARNAMIRIM;LITORAL
ESCOLA MUNICIPAL JOSE ARINALDO ALVES;MACAÍBA;CENTRO;000333524015;U14176;3102543;MCB-01M6;-5,86879710;-35,34489650;PARNAMIRIM;LITORAL
ESCOLA MUNICIPAL JOSE MESQUITA;MACAÍBA;ZONA RURAL;000355601013;GD5061;87880X;MCB-01M4;-5,92051050;-35,38129550;PARNAMIRIM;LITORAL
ESCOLA MUNICIPAL LUIZ CURCIO MARINHO;MACAÍBA;ZONA RURAL;000354248018;P23663;3025630;MCB-01M2;-5,84780740;-35,40894280;PARNAMIRIM;LITORAL
ESCOLA MUNICIPAL LUIZ GABRIEL DA COSTA;MACAÍBA;ZONA RURAL;000853473073;N50888;2069719;PSA-01C3;-5,92241940;-35,33717600;PARNAMIRIM;LITORAL
ESCOLA MUNICIPAL MANOEL LUIZ ARAUJO;MACAÍBA;ZONA RURAL;007000341678;P23503;1805470;MCB-01M4;-5,94319970;-35,38955150;PARNAMIRIM;LITORAL
ESCOLA MUNICIPAL MANOEL SIMPLICIO DE ARAUJO;MACAÍBA;ZONA RURAL;000850674396;P23401;110639;MCB-01M4;-5,90953730;-35,37255980;PARNAMIRIM;LITORAL
ESCOLA MUNICIPAL MANUEL DUARTE FILHO;MACAÍBA;ZONA RURAL;000377163010;P22635;3025819;VCR-01V1;-5,98396380;-35,41083180;PARNAMIRIM;LITORAL
ESCOLA MUNICIPAL MARIA DO CARMO DA SILVA;MACAÍBA;ZONA RURAL;007000197127;P23836;706052;MCB-01M2;-5,86961860;-35,45217890;PARNAMIRIM;LITORAL
ESCOLA MUNICIPAL PADRE JOAO MARIA;MACAÍBA;ZONA RURAL;000214717018;P19275;3101423;JPC-01J4;-5,97234850;-35,33369520;PARNAMIRIM;LITORAL
ESCOLA MUNICIPAL PEDRO GOMES DE SOUSA;MACAÍBA;CENTRO;000293827010;A10875;3022383;MCB-01M3;-5,85324510;-35,35095430;PARNAMIRIM;LITORAL
ESCOLA MUNICIPAL PINHEIRO BORGES;MACAÍBA;CAMPO DA SANTA CRUZ;000335795016;O73385;3130692;MCB-01M3;-5,84999380;-35,35405640;PARNAMIRIM;LITORAL
ESCOLA MUNICIPAL PRESIDENTE TANCREDO NEVES;MACAÍBA;ZONA RURAL;000357048010;R98172;1002127;MCB-01M6;-5,88449250;-35,32656130;PARNAMIRIM;LITORAL
ESCOLA MUNICIPAL PROFª ANITA ALVES MACIEL;MACAÍBA;BELA VISTA;000605200010;J01654;174238X;PSA-01C3;-5,91836530;-35,28895820;PARNAMIRIM;LITORAL
ESCOLA MUNICIPAL PROFª NAZARÉ MADRUGA;MACAÍBA;ZONA RURAL;000356544013;R37925;2374923;VCR-01V1;-6,00004410;-35,51350550;PARNAMIRIM;LITORAL
ESCOLA MUNICIPAL PROF. SEVERINO BEZERRA;MACAÍBA;ZONA RURAL;007001719143;P23914;70595X;MCB-01M2;-5,90547540;-35,46840460;PARNAMIRIM;LITORAL
ESCOLA MUNICIPAL SANTA ISABEL;MACAÍBA;MANGABEIRA;000292594011;L23507;110974X;MCB-01M1;-5,84745230;-35,30945250;PARNAMIRIM;LITORAL
ESCOLA MUNICIPAL SANTA LUZIA CAJAZEIRA;MACAÍBA;ZONA RURAL;000851794573;P71755;3079867;ELS-01S2;-5,92669100;-35,53835640;PARNAMIRIM;LITORAL
ESCOLA MUNICIPAL SANTA LUZIA CAPOEIRA;MACAÍBA;ZONA RURAL;000853799025;E15936;3079274;VCR-01V1;-5,99703640;-35,53072710;PARNAMIRIM;LITORAL
ESCOLA MUNICIPAL SAO JOSE;MACAÍBA;ZONA RURAL;000355571017;P71801;2036264;ELS-01S2;-5,94724164;-35,51850990;PARNAMIRIM;LITORAL
ESCOLA MUNICIPAL SEVERINO FIRME DOS SANTOS;MACAÍBA;ZONA RURAL;007001216575;M41293;3048993;MCB-01M2;-5,88321690;-35,49430680;PARNAMIRIM;LITORAL
ESCOLA MUNICIPAL TEREZA BRITO;MACAÍBA;CAMPO DA MANGUEIRA;000336112010;A11621;3127173;MCB-01M3;-5,85218100;-35,35932270;PARNAMIRIM;LITORAL
ESCOLA MUNICIPAL VALDEMAR DIOGENES PEIXOTO;MACAÍBA;ZONA RURAL;000356307011;M41207;3048946;VCR-01V1;-5,99906860;-35,49590170;PARNAMIRIM;LITORAL
ESCOLA ESTADUAL DES VICENTE LEMOS;SENADOR ELÓI DE SOUZA;CENTRO;000316586015;P44397;2049425;ELS-01S2;-6,03684400;-35,69059170;LITORAL SUL;LITORAL
ESCOLA MUNICIPAL EUCLIDES LINS;SENADOR ELÓI DE SOUZA;ZONA RURAL;000316910017;P52486;3121530;ELS-01S1;-6,06905540;-35,61285220;LITORAL SUL;LITORAL
ESCOLA MUNICIPAL PROF. FRANCISCO HERNESTO DA CUNHA (CENEC);SENADOR ELÓI DE SOUZA;CENTRO;000316586015;P44397;2049425;ELS-01S2;-6,03727580;-35,69045200;LITORAL SUL;LITORAL
CEEP RUY ANTUNES PEREIRA;CEARÁ-MIRIM;PLANALTO;007008548689;V06114;3079583;CAM-01C7;-5,65655560;-35,41997190;LITORAL NORTE;LITORAL
CEI DR RUI PEREIRA DOS SANTOS;CEARÁ-MIRIM;SAO JOSE;007021923286;U15288;3116597;CAM-01C1;-5,64003160;-35,43976380;LITORAL NORTE;LITORAL
CEI MARIA ALICE DE BRITO;CEARÁ-MIRIM;MASSARANDUBA;000295088010;U24553;3119349;CAM-01C7;-5,72158520;-35,36633970;LITORAL NORTE;LITORAL
CEI MARIA DE LOURDES FERREIRA DO NASCIMENTO;CEARÁ-MIRIM;PRIMEIRA LAGOA;000377353013;A19227;2090122;TPU-01P5;-5,69479110;-35,52667260;LITORAL NORTE;LITORAL
CEI RAFAEL FERNANDES SOBRAL;CEARÁ-MIRIM;CENTRO;000852874678;V01244;2469784;CAM-01C5;-5,64048780;-35,42023090;LITORAL NORTE;LITORAL
CEI ROSILDA RODRIGUES DUARTE;CEARÁ-MIRIM;GRAVATA;007000684397;R67365;3070153;CAM-01C4;-5,59493990;-35,40878030;LITORAL NORTE;LITORAL
CERU ESCOLA MUNICIPAL PROFESSOR JOSÉ TITO JÚNIOR;CEARÁ-MIRIM;COQUEIROS;007022739080;U86459;3119278;CAM-01C4;-5,60594290;-35,29951750;LITORAL NORTE;LITORAL
COLÉGIO DE SANTA ÁGUEDA;CEARÁ-MIRIM;SANTA AGUEDA;000294145010;P60087;2384250;CAM-01C1;-5,63327110;-35,42557400;LITORAL NORTE;LITORAL
ESCOLA ESTADUAL ENEAS CAVALCANTE;CEARÁ-MIRIM;CENTRO;000336986010;P60153;2024264;CAM-01C2;-5,63986030;-35,42341350;LITORAL NORTE;LITORAL
ESCOLA ESTADUAL AUGUSTO XAVIER DE GOIS;CEARÁ-MIRIM;MURIU;007019608136;L93934;3107782;DMA-01M5;-5,55932750;-35,24874020;LITORAL NORTE;LITORAL
ESCOLA ESTADUAL BARAO DE CEARA MIRIM;CEARÁ-MIRIM;SANTA AGUEDA;000294135014;U28503;2024180;CAM-01C1;-5,63233870;-35,42418130;LITORAL NORTE;LITORAL
ESCOLA ESTADUAL GENERAL JOÃO VARELA;CEARÁ-MIRIM;CENTRO;000338943016;B21543;2422157;CAM-01C2;-5,63957000;-35,42378690;LITORAL NORTE;LITORAL
ESCOLA ESTADUAL INTERVENTOR UBALDO BEZERRA DE MELO;CEARÁ-MIRIM;CENTRO;000377283015;V08691;3103551;CAM-01C2;-5,64283920;-35,42467670;LITORAL NORTE;LITORAL
ESCOLA ESTADUAL MONSENHOR CELSO CICCO;CEARÁ-MIRIM;CENTRO;000337284019;B22449;2061002;CAM-01C2;-5,64551810;-35,42401020;LITORAL NORTE;LITORAL
ESCOLA ESTADUAL PROFESSOR EDGAR BARBOSA;CEARÁ-MIRIM;COHAB;000337652018;P60241;2422306;CAM-01C5;-5,65102660;-35,41700540;LITORAL NORTE;LITORAL
ESCOLA ESTADUAL PROFESSORA MARTA MARIA CASTANHO ALMEIDA PERNAMBUCO;CEARÁ-MIRIM;ROSARIO;000782559010;MG3634;3100376;DMA-01M1;-5,47106750;-35,39663090;LITORAL NORTE;LITORAL
ESCOLA MUNICIPAL ALCIDES CAMARA DE SOUZA;CEARÁ-MIRIM;CAPELA;000655186018;A18492;2057855;CAM-01C4;-5,61033700;-35,44885620;LITORAL NORTE;LITORAL
ESCOLA MUNICIPAL ALZIRA DE SA PEREIRA;CEARÁ-MIRIM;PROJETO SANTA AGUEDA;007000365658;O20286;2402536;DMA-01M1;-5,49362260;-35,46072930;LITORAL NORTE;LITORAL
ESCOLA MUNICIPAL ANTÃO MELO DA SILVA;CEARÁ-MIRIM;PONTA DO MATO;007024333110;O30629;3122967;CAM-01C5;-5,68839020;-35,45926820;LITORAL NORTE;LITORAL
ESCOLA MUNICIPAL ANTONIETA PEREIRA VARELA;CEARÁ-MIRIM;SAO GERALDO;000341290015;P60290;2457098;CAM-01C1;-5,64034380;-35,42968240;LITORAL NORTE;LITORAL
ESCOLA MUNICIPAL ANTONIO FERREIRA DA SILVA;CEARÁ-MIRIM;AGROVILA PADRE CICERO;000851743758;B22621;2358896;CAM-01C5;-5,70234670;-35,49185830;LITORAL NORTE;LITORAL
ESCOLA MUNICIPAL ARY ALECRIM PACHECO;CEARÁ-MIRIM;SAO JOSE DE PEDREGULHO;000850953368;O40109;3125222;CAM-01C4;-5,58235300;-35,47561410;LITORAL NORTE;LITORAL
ESCOLA MUNICIPAL AUGUSTO XAVIER DE GOIS;CEARÁ-MIRIM;MURIU;007021626931;P69319;209977X;DMA-01M5;-5,56325910;-35,24136110;LITORAL NORTE;LITORAL
ESCOLA MUNICIPAL BRASILIANO JERONIMO DA SILVA;CEARÁ-MIRIM;SITIO;000377355016;P66217;2389662;CAM-01C4;-5,61548700;-35,29590170;LITORAL NORTE;LITORAL
ESCOLA MUNICIPAL BRASILIANO MARQUES DE ARAUJO;CEARÁ-MIRIM;JACUMA;000377330013;C21310;2403299;DMA-01M5;-5,58514600;-35,22812050;LITORAL NORTE;LITORAL
ESCOLA MUNICIPAL CONCEICAO MARQUES;CEARÁ-MIRIM;RIO DOS INDIOS;000381730018;N07424;3114032;CAM-01C4;-5,59310140;-35,33733900;LITORAL NORTE;LITORAL
ESCOLA MUNICIPAL DR AUGUSTO MEIRA;CEARÁ-MIRIM;CENTRO;000340022017;P60286;2660282;CAM-01C1;-5,64030420;-35,42881510;LITORAL NORTE;LITORAL
ESCOLA MUNICIPAL DR JULIO GOMES DE SENNA;CEARÁ-MIRIM;COHAB;000337739016;B21761;2024306;CAM-01C5;-5,64617420;-35,41814110;LITORAL NORTE;LITORAL
ESCOLA MUNICIPAL EMIDIO FERREIRA DA SILVA;CEARÁ-MIRIM;RIO DOS INDIOS;000377388011;P57629;2089494;CAM-01C4;-5,59129610;-35,34386350;LITORAL NORTE;LITORAL
ESCOLA MUNICIPAL EMILIA PETRONILA DA ROCHA;CEARÁ-MIRIM;RIACHAO;000853377260;N50798;3103905;CAM-01C4;-5,51846330;-35,38315670;LITORAL NORTE;LITORAL
ESCOLA MUNICIPAL FELIPE CAMARAO;CEARÁ-MIRIM;RAPOSA;000340358015;A18417;2118341;CAM-01C6;-5,66161730;-35,33545010;LITORAL NORTE;LITORAL
ESCOLA MUNICIPAL FERDINANDO PEREIRA COUTO;CEARÁ-MIRIM;TERRA DA SANTA;000339344019;P62977;2383959;CAM-01C3;-5,63768430;-35,44785130;LITORAL NORTE;LITORAL
ESCOLA MUNICIPAL FRANCISCO DE ASSIS SANTANA;CEARÁ-MIRIM;ESPIRITO SANTO;000779606015;P67065;3131624;TPU-01P5;-5,65124170;-35,48666500;LITORAL NORTE;LITORAL
ESCOLA MUNICIPAL GONÇALO MARCELINO;CEARÁ-MIRIM;OITIZEIRO;007000295099;R18185;2118399;CAM-01C6;-5,63930560;-35,31107970;LITORAL NORTE;LITORAL
ESCOLA MUNICIPAL GONCALO TEIXEIRA DA SILVA;CEARÁ-MIRIM;LAGOA GRANDE;000855715864;M42303;2580422;CAM-01C6;-5,63640780;-35,38679080;LITORAL NORTE;LITORAL
ESCOLA MUNICIPAL HELENA RIBEIRO DANTAS;CEARÁ-MIRIM;MINAMORA;000621110012;P69864;2403702;DMA-01M1;-5,53690500;-35,43041010;LITORAL NORTE;LITORAL
ESCOLA MUNICIPAL ILÇA MIRANDA PACHECO;CEARÁ-MIRIM;SAO MIGUEL;000651572029;P57745;3106521;DMA-01M5;-5,47400390;-35,36695040;LITORAL NORTE;LITORAL
ESCOLA MUNICIPAL JOÃO GABRIEL DE OLIVEIRA;CEARÁ-MIRIM;ANINGAS;000377375017;P66904;2089604;DMA-01M5;-5,53389990;-35,30563890;LITORAL NORTE;LITORAL
ESCOLA MUNICIPAL JOAQUIM FERNANDES SOBRAL;CEARÁ-MIRIM;TABUAO;000377389018;N29107;3123943;CAM-01C6;-5,64226570;-35,36484290;LITORAL NORTE;LITORAL
ESCOLA MUNICIPAL JOSE ADELINO;CEARÁ-MIRIM;PRIMEIRA LAGOA;000377352017;A19038;3104089;TPU-01P5;-5,69408830;-35,52955670;LITORAL NORTE;LITORAL
ESCOLA MUNICIPAL JOSE VENANCIO;CEARÁ-MIRIM;VARZEA DE DENTRO;007000830555;R18261;3114063;TPU-01P5;-5,61882130;-35,47715050;LITORAL NORTE;LITORAL
ESCOLA MUNICIPAL MADALENA ANTUNES PEREIRA;CEARÁ-MIRIM;SANTA AGUEDA;000294145010;P60087;2384250;CAM-01C1;-5,63218760;-35,42527490;LITORAL NORTE;LITORAL
ESCOLA MUNICIPAL MANOEL DANTAS BARRETO;CEARÁ-MIRIM;JACOCA;000339026017;P60657;2038544;CAM-01C5;-5,66472930;-35,45259510;LITORAL NORTE;LITORAL
ESCOLA MUNICIPAL MANOEL PEREIRA DOS SANTOS;CEARÁ-MIRIM;PRIMAVERA;007000292855;P57316;2089248;CAM-01C4;-5,58731410;-35,39545890;LITORAL NORTE;LITORAL
ESCOLA MUNICIPAL MARIA DE LOURDES DE OLIVEIRA;CEARÁ-MIRIM;GRAVATA;007000684397;R67365;3070153;CAM-01C4;-5,59408070;-35,40866070;LITORAL NORTE;LITORAL
ESCOLA MUNICIPAL MARIO PINHEIRO DA SILVA;CEARÁ-MIRIM;CENTRO;000341736013;B22333;2297378;CAM-01C2;-5,64795430;-35,43348520;LITORAL NORTE;LITORAL
ESCOLA MUNICIPAL PAULO FREIRE;CEARÁ-MIRIM;NOVA ESPERANCA II;000851703870;P65589;3121262;DMA-01M1;-5,53034640;-35,47400640;LITORAL NORTE;LITORAL
ESCOLA MUNICIPAL PEDRO JUSTINO DOS SANTOS;CEARÁ-MIRIM;TAMANDUA;000385414013;C21514;208516X;DMA-01M1;-5,47097260;-35,38931570;LITORAL NORTE;LITORAL
ESCOLA MUNICIPAL PEDRO SALOMÃO;CEARÁ-MIRIM;CAIANA;000002546019;P66152;208961X;CAM-01C4;-5,58785630;-35,27097910;LITORAL NORTE;LITORAL
ESCOLA MUNICIPAL PROFESSORA ADELE DE OLIVEIRA;CEARÁ-MIRIM;CENTRO;000337284019;B22449;2061002;CAM-01C2;-5,64393480;-35,42365270;LITORAL NORTE;LITORAL
ESCOLA MUNICIPAL PROFESSORA MARA CABRAL;CEARÁ-MIRIM;BOA VISTA;007005776125;R76889;3081039;CAM-01C4;-5,59818300;-35,32120130;LITORAL NORTE;LITORAL
ESCOLA MUNICIPAL PROFESSORA MARIA BERNADETE BARBOSA;CEARÁ-MIRIM;MASSARANDUBA;000295099011;P15731;2580904;CAM-01C7;-5,72188090;-35,36553650;LITORAL NORTE;LITORAL
ESCOLA MUNICIPAL PROFESSORA MARIA ESTER PAIVA;CEARÁ-MIRIM;MASSANGANA;000340242017;A18366;2118315;CAM-01C6;-5,64630470;-35,35105790;LITORAL NORTE;LITORAL
ESCOLA MUNICIPAL ROTARY;CEARÁ-MIRIM;PASSA E FICA;;;99055;CAM-01C5;-5,64976250;-35,42755500;LITORAL NORTE;LITORAL
ESCOLA MUNICIPAL SERGIO VARELA SANTIAGO;CEARÁ-MIRIM;COQUEIROS;000382121015;C19774;254406X;CAM-01C4;-5,60441970;-35,30425870;LITORAL NORTE;LITORAL
ESCOLA MUNICIPAL SEVERINO PINHEIRO DA SILVA;CEARÁ-MIRIM;MINEIROS;000377343018;P62932;223828;TPU-01P1;-5,57892820;-35,49055050;LITORAL NORTE;LITORAL
ESCOLA MUNICIPAL VIRGILIO LUIZ;CEARÁ-MIRIM;MATAS;000377341015;A18640;2089850;CAM-01C4;-5,59873700;-35,48287230;LITORAL NORTE;LITORAL
IFRN - INSTITUTO FEDERAL DE CIÊNCIA E TECNOLOGIA DO RN;CEARÁ-MIRIM;PLANALTO;007029935208;GD0005;3074146;CAM-01C5;-5,65119390;-35,42872370;LITORAL NORTE;LITORAL
INSTITUTO IMACULADA CONCEICAO;CEARÁ-MIRIM;SANTA AGUEDA;000000623016;P60047;2422133;CAM-01C2;-5,63523380;-35,42134810;LITORAL NORTE;LITORAL
POSTO DE SAÚDE DO CONJUNTO BARRETÃO;CEARÁ-MIRIM;BARRETAO;007006033894;R94282;3074134;CAM-01C3;-5,65004600;-35,45799430;LITORAL NORTE;LITORAL
SOCIEDADE EDUCACIONAL RENOVARE - POLO UNINASSAU;CEARÁ-MIRIM;TERRA DA SANTA;007002009131;R38549;3129888;CAM-01C3;-5,64522540;-35,44838560;LITORAL NORTE;LITORAL
CEMEI PROFª IRACI SANTANA DA SILVA;SÃO JOSÉ DE MIPIBU;BOSQUE DAS COLINAS;007004668388;M81696;3094851;JPC-01J4;-5,97408330;-35,28221830;PARNAMIRIM;LITORAL
CENTRO DE EDUCAÇÃO RURAL MARIA JOSÉ DE MELO;SÃO JOSÉ DE MIPIBU;LARANJEIRAS DO ABDIAS;000218463010;B15100;3098056;SJM-01Z4;-6,15757100;-35,31942800;PARNAMIRIM;LITORAL
E. M. BERNARDO DE SOUZA COUTINHO;SÃO JOSÉ DE MIPIBU;AREIA BRANCA;000700875016;P27629;2010707;SJM-01Z1;-6,03137500;-35,24119830;PARNAMIRIM;LITORAL
E.M. PROFª MARCINA GALVÃO DE AZEVEDO;SÃO JOSÉ DE MIPIBU;CIDADE BELA;007024687001;O22261;3120634;JPC-01J5;-5,98041000;-35,24750170;PARNAMIRIM;LITORAL
ESCOLA ESTADUAL BARAO DE MIPIBU;SÃO JOSÉ DE MIPIBU;CENTRO;000172932010;P25456;X102539;SJM-01Z3;-6,07353540;-35,23665430;PARNAMIRIM;LITORAL
ESCOLA ESTADUAL PROF FRANCISCO BARBOSA;SÃO JOSÉ DE MIPIBU;CENTRO;007018365086;V09336;3109413;SJM-01Z2;-6,07118350;-35,24115280;PARNAMIRIM;LITORAL
ESCOLA ESTADUAL PROF RAFAEL GARCIA;SÃO JOSÉ DE MIPIBU;BAIRRO NOVO;000173035012;P27426;242856X;SJM-01Z1;-6,05892440;-35,24048320;PARNAMIRIM;LITORAL
ESCOLA MUNICIPAL CONEGO PEDRO PAULINO;SÃO JOSÉ DE MIPIBU;MENDES;000218827012;B10854;498902;JPC-01J4;-6,00025500;-35,30404830;PARNAMIRIM;LITORAL
ESCOLA MUNICIPAL FELIPE TAVARES DE PAIVA;SÃO JOSÉ DE MIPIBU;TABORDA;007002585337;R20411;109445X;JPC-01J5;-5,96456500;-35,26714500;PARNAMIRIM;LITORAL
ESCOLA MUNICIPAL GENUÍNO DE SOUZA MENINO;SÃO JOSÉ DE MIPIBU;MANIMBU;000218015018;B14906;2288054;SJM-01Z4;-6,10881030;-35,27877220;PARNAMIRIM;LITORAL
ESCOLA MUNICIPAL JANILSON FERREIRA;SÃO JOSÉ DE MIPIBU;SÍTIO BURACO;000219623011;P33290;3104122;BJN-01N2;-6,10411330;-35,31097670;PARNAMIRIM;LITORAL
ESCOLA MUNICIPAL JOSE GOMES DE LIMA;SÃO JOSÉ DE MIPIBU;JACARACICA;000242630017;P29483;2065819;VCR-01V3;-6,00907820;-35,35830860;PARNAMIRIM;LITORAL
ESCOLA MUNICIPAL JULIO FERREIRA DA SILVA;SÃO JOSÉ DE MIPIBU;LARANJEIRAS DOS COSMES;000218606016;A13022;461537;SJM-01Z5;-6,06800970;-35,29325920;PARNAMIRIM;LITORAL
ESCOLA MUNICIPAL MARIA APARECIDA DE CARVALHO FERREIRA;SÃO JOSÉ DE MIPIBU;TANCREDO NEVES;000001600010;P27206;2905049;SJM-01Z2;-6,06740500;-35,24974830;PARNAMIRIM;LITORAL
ESCOLA MUNICIPAL MARIA SALETE DE LIMA;SÃO JOSÉ DE MIPIBU;JAPECANGA;007005819720;B10961;109356;JPC-01J4;-5,97125500;-35,31985830;PARNAMIRIM;LITORAL
ESCOLA MUNICIPAL PREFEITO JANILSON FERREIRA;SÃO JOSÉ DE MIPIBU;ARENÃ;000219128010;P29658;3071697;SJM-01Z6;-6,03650970;-35,34128710;PARNAMIRIM;LITORAL
ESCOLA MUNICIPAL PROFA. MARIA MIRTES DA SILVA ARAUJO;SÃO JOSÉ DE MIPIBU;CENTRO;000214975017;B14283;2608788;SJM-01Z2;-6,07140840;-35,24435520;PARNAMIRIM;LITORAL
ESCOLA MUNICIPAL PROFESSOR SEVERINO BEZERRA DE MELO;SÃO JOSÉ DE MIPIBU;CENTRO;000242584015;V07085;3087030;SJM-01Z2;-6,07135080;-35,23935940;PARNAMIRIM;LITORAL
ESCOLA MUNICIPAL PROFESSORA CLORIS TRIGUEIRO PEIXOTO;SÃO JOSÉ DE MIPIBU;PAU BRASIL;000174043019;C11980;3123728;SJM-01Z1;-6,04810830;-35,26069330;PARNAMIRIM;LITORAL
ESCOLA MUNICIPAL PROFESSORA SEVERINA FERREIRA DA SILVA;SÃO JOSÉ DE MIPIBU;MENDESINHO;000852537507;N23660;2010749;SJM-01Z6;-6,00881800;-35,27639530;PARNAMIRIM;LITORAL
INSTITUTO PIO XII;SÃO JOSÉ DE MIPIBU;CENTRO;000217070015;P25486;102481;SJM-01Z3;-6,07419670;-35,23924670;PARNAMIRIM;LITORAL
CEMEI TEODOSIA TOMAZ;VERA CRUZ;COBE;007003105606;R46343;3085387;VCR-01V3;-6,04264200;-35,38643140;PARNAMIRIM;LITORAL
ESCOLA ESTADUAL MONSENHOR PAIVA;VERA CRUZ;CENTRO;000182234010;B17295;3102431;VCR-01V2;-6,04606590;-35,43049680;PARNAMIRIM;LITORAL
ESCOLA MUNICIPAL CONEGO ANTONIO BARROS;VERA CRUZ;COBE;000183199013;P29794;215953X;VCR-01V3;-6,03889170;-35,37549330;PARNAMIRIM;LITORAL
ESCOLA MUNICIPAL CORTEZ PEREIRA;VERA CRUZ;PONTA DE VARZEA;000183867016;P39311;2100879;VCR-01V2;-6,04502660;-35,48365700;PARNAMIRIM;LITORAL
ESCOLA MUNICIPAL DO ARACA II;VERA CRUZ;ARACA I;000736336014;C12321;2288798;SJM-01Z1;-6,02588620;-35,24795360;PARNAMIRIM;LITORAL
ESCOLA MUNICIPAL FELINTO MULLER;VERA CRUZ;SITIO PAPAGAIO;000183398016;B17423;649534;VCR-01V1;-6,00116330;-35,42539330;PARNAMIRIM;LITORAL
ESCOLA MUNICIPAL FILOMENA CURCIO CABRAL;VERA CRUZ;SITIO SANTA CRUZ;000184157012;N23039;3080336;ELS-01S1;-6,05641670;-35,54591170;PARNAMIRIM;LITORAL
ESCOLA MUNICIPAL PROFESSORA ASCENDINA LUSTOSA;VERA CRUZ;CENTRO;000182567019;O16197;3118820;VCR-01V2;-6,04750950;-35,43278440;PARNAMIRIM;LITORAL
GRUPO ESCOLAR SANTA TEREZINHA;VERA CRUZ;JENIPAPO;000183950010;P52293;2051015;ELS-01S1;-6,06176500;-35,48697170;PARNAMIRIM;LITORAL
COLEGIO ESTADUAL MANOEL SEVERIANO;RIACHUELO;CENTRO;000308961010;E11355;2044940;SPG-01P3;-5,81426556;-35,82338423;LITORAL SUL;LITORAL
CRECHE MUNICIPAL PEQUENOS QUERUBINS;RIACHUELO;CENTRO;000308948013;P59449;2044982;SPG-01P3;-5,81204956;-35,82479747;LITORAL SUL;LITORAL
ESCOLA MUNICIPAL MANOEL GURGEL;RIACHUELO;NOSSA SENHORA DA CONCEICAO;000309351010;E11478;2121443;SPG-01P3;-5,80915491;-35,82256647;LITORAL SUL;LITORAL
GRUPO MUNICIPAL FRANCISCO CAETANO;RIACHUELO;ZONA RURAL;000309500016;E12805;2043973;SPG-01P2;-5,74943623;-35,92648940;LITORAL SUL;LITORAL
ESCOLA DE 1 GRAU JOAO MARQUES DE ARAUJO;SANTA MARIA;CENTRO;000358068014;E13709;2043732;SPG-01P5;-5,84257700;-35,68998247;LITORAL SUL;LITORAL
JARDIM ESCOLA PARAISO INFANTIL;SANTA MARIA;CENTRO;000358089011;GD4986;2152665;SPG-01P5;-5,84138048;-35,69276330;LITORAL SUL;LITORAL
COLEGIO SAO JOSE;SÃO PAULO DO POTENGI;CENTRO;000299239012;P63521;3132781;SPG-01P3;-5,89432826;-35,76571518;LITORAL SUL;LITORAL
ESCOLA ESTADUAL MAURICIO FREIRE;SÃO PAULO DO POTENGI;CENTRO;000299239012;P63521;3132781;SPG-01P3;-5,89535055;-35,76659626;LITORAL SUL;LITORAL
ESCOLA MUNICIPAL DJALMA MARINHO;SÃO PAULO DO POTENGI;CENTRO;000357467012;P63518;202747X;SPG-01P3;-5,89471482;-35,76611655;LITORAL SUL;LITORAL
GRUPO ESTADUAL SENADOR DINARTE MARIZ;SÃO PAULO DO POTENGI;SANTOS DUMONT;000299239012;P63521;3132781;SPG-01P3;-5,89529193;-35,76629747;LITORAL SUL;LITORAL
IFRN;SÃO PAULO DO POTENGI;NOVO JUREMAL;007024993005;GD0003;3074118;SPG-01P5;-5,89495444;-35,75577709;LITORAL SUL;LITORAL
SOCIEDADE EDUCADORA SAO FRANCISCO;SÃO PAULO DO POTENGI;CENTRO;000299239012;P63521;3132781;SPG-01P3;-5,89558060;-35,76560774;LITORAL SUL;LITORAL
CRECHE MENINO JESUS;SÃO PEDRO;CENTRO;000301534019;E14588;2028159;SPG-01P4;-5,89789432;-35,63719835;LITORAL SUL;LITORAL
ESCOLA MUNICIPAL ISABEL MOURA;SÃO PEDRO;CENTRO;007003746520;O64144;312910;SPG-01P4;-5,89930914;-35,63435995;LITORAL SUL;LITORAL
ESCOLA PEDRO ALEXANDRINO;SÃO PEDRO;CENTRO;000358068014;E13709;2043732;SPG-01P5;-5,84260739;-35,69003330;LITORAL SUL;LITORAL
ESCOLA ESTADUAL JOAO MARIA DIAS;ESPÍRITO SANTO;CENTRO;000179445018;P36240;2368003;GNA-01Z4;-6,33163330;-35,30832320;LITORAL SUL;LITORAL
ESCOLA MUNICIPAL DEDE CORTEZ;ESPÍRITO SANTO;CENTRO;000179373017;L81767;3098040;GNA-01Z4;-6,33326260;-35,31078190;LITORAL SUL;LITORAL
ESCOLA MUNICIPAL DEPUTADO ANTONIO FLORENCIO;ESPÍRITO SANTO;ZONA RURAL;000180152016;C14455;2054875;STO-01S2;-6,37160910;-35,32701750;LITORAL SUL;LITORAL
ESCOLA MUNICIPAL ELVIRA MARTINS DA SILVA;ESPÍRITO SANTO;ZONA RURAL;000180190015;C14500;3118308;STO-01S2;-6,39004420;-35,32416160;LITORAL SUL;LITORAL
ESCOLA MUNICIPAL HUMBERTO MEIROZ GRILO;ESPÍRITO SANTO;ZONA RURAL;000180384014;C13660;2289922;GNA-01Z4;-6,29885030;-35,27671250;LITORAL SUL;LITORAL
ESCOLA MUNICIPAL PROFA. LENIRA TEIXEIRA;ESPÍRITO SANTO;CENTRO;000179210010;C14082;3107572;GNA-01Z4;-6,33339760;-35,31140570;LITORAL SUL;LITORAL
ESCOLA PRIMEIRO GRAU JOAQUIM DA LUZ;ESPÍRITO SANTO;CENTRO;000179780011;P36216;3096084;GNA-01Z4;-6,33106560;-35,31096790;LITORAL SUL;LITORAL
CENTRO ESCOLAR JOAO TIBURCIO;GOIANINHA;ESTACAO;000230556016;D10251;2370054;GNA-01Z2;-6,26360020;-35,21273690;LITORAL SUL;LITORAL
COLÉGIO NOSSA SENHORA DOS PRAZERES;GOIANINHA;COHAB;000176124016;MG3731;3106375;GNA-01Z2;-6,26268910;-35,21060990;LITORAL SUL;LITORAL
CRECHE MUNICIPAL ANA FELIZARDO;GOIANINHA;ITAPERUBU;000231949011;P40338;2047124;GNA-01Z4;-6,26458130;-35,22769140;LITORAL SUL;LITORAL
ESCOLA ESTADUAL MOREIRA BRANDAO;GOIANINHA;CENTRO;000175652019;D10258;3026875;GNA-01Z2;-6,26623260;-35,20923880;LITORAL SUL;LITORAL
ESCOLA MUNICIPAL ALBERTO TORRES GALVAO;GOIANINHA;UMARI;000231429018;B17699;3117754;GNA-01Z2;-6,23427590;-35,15894530;LITORAL SUL;LITORAL
ESCOLA MUNICIPAL ALFREDO LIMA;GOIANINHA;SÍTIO CATU;000232053011;P40591;970069;GNA-01Z1;-6,35561940;-35,19435730;LITORAL SUL;LITORAL
ESCOLA MUNICIPAL ALUIZIO ALVES;GOIANINHA;ESTACAO;000230570019;P40098;3098991;GNA-01Z2;-6,26215890;-35,21338250;LITORAL SUL;LITORAL
ESCOLA MUNICIPAL DONA MARIQUINHA;GOIANINHA;CENTRO;000230602018;P40112;237006X;GNA-01Z2;-6,26567260;-35,21234610;LITORAL SUL;LITORAL
ESCOLA MUNICIPAL DR HELIO MAMEDE DE FREITAS GALVAO;GOIANINHA;CENTRO;000175434011;P40160;242970X;GNA-01Z2;-6,26694270;-35,21042240;LITORAL SUL;LITORAL
ESCOLA MUNICIPAL DR. JOÃO BATISTA GADELHA DO ESPÍRITO SANTO;GOIANINHA;CONJ NOVO HORIZONTE;000231037012;P40436;2188424;GNA-01Z1;-6,28103990;-35,20285100;LITORAL SUL;LITORAL
ESCOLA MUNICIPAL EMÍLIA FREIRE;GOIANINHA;ANEQUIM;000230318018;L94059;3100036;GNA-01Z1;-6,25333310;-35,21538010;LITORAL SUL;LITORAL
ESCOLA MUNICIPAL JOAO CARVALHO BARBALHO;GOIANINHA;LAGOA DO POÇO;000720699010;P32771;2663461;GNA-01Z4;-6,29631780;-35,22273160;LITORAL SUL;LITORAL
ESCOLA MUNICIPAL JOAO LUCIO;GOIANINHA;SUMARÉ;000231315012;L33629;3117762;GNA-01Z2;-6,24209640;-35,17957530;LITORAL SUL;LITORAL
ESCOLA MUNICIPAL JOÃO MANDU DA SILVA;GOIANINHA;UNA;000583206019;D10154;2629174;GNA-01Z2;-6,24905500;-35,21409630;LITORAL SUL;LITORAL
ESCOLA MUNICIPAL LUIZ GONZAGA BARBALHO NETO;GOIANINHA;SÍTIO PITOMBEIRA;000230956014;D10411;3081773;GNA-01Z1;-6,27916400;-35,22709210;LITORAL SUL;LITORAL
ESCOLA MUNICIPAL MARIA DO CEU;GOIANINHA;CONJ NOVO HORIZONTE;000231076018;D10709;3075572;GNA-01Z1;-6,28312280;-35,20125840;LITORAL SUL;LITORAL
ESCOLA MUNICIPAL PROFESSORA NAZARE DE ANDRADE DUARTE;GOIANINHA;COHAB;000176124016;MG3731;3106375;GNA-01Z2;-6,26196600;-35,21034460;LITORAL SUL;LITORAL
ESCOLA MUNICIPAL TEREZA FAGUNDES;GOIANINHA;SAPUCAIA;000176295015;D10544;3073856;GNA-01Z1;-6,27525200;-35,21460750;LITORAL SUL;LITORAL
ESCOLA ESTADUAL JOÃO BERNARDO;JUNDIÁ;CENTRO;000237076010;C13413;2047590;GNA-01Z4;-6,26726060;-35,32789580;LITORAL SUL;LITORAL
ESCOLA MUNICIPAL IBERÊ FERREIRA DE SOUZA;JUNDIÁ;ZONA RURAL;007026553452;P32352;2055219;BJN-01N4;-6,30878920;-35,34596830;LITORAL SUL;LITORAL
ESCOLA MUNICIPAL MENINO JESUS;JUNDIÁ;ZONA RURAL;000853665819;N57384;2467719;BJN-01N4;-6,23976070;-35,34558660;LITORAL SUL;LITORAL
ESCOLA MUNICIPAL PAULINO FRANCISCO DE SOUZA;JUNDIÁ;CENTRO;000237104013;U80635;3083532;GNA-01Z4;-6,27065470;-35,32775880;LITORAL SUL;LITORAL
ESCOLA MUNICIPAL DOMITILA CASTELO DA SILVA;TIBAU DO SUL;PIPA;000768642010;N04454;2376831;PPA-01P3;-6,23583290;-35,04746420;LITORAL SUL;LITORAL
ESCOLA MUNICIPAL DR HELIO GALVAO;TIBAU DO SUL;CENTRO;000199958011;A15501;3126859;PPA-01P5;-6,18753690;-35,09359540;LITORAL SUL;LITORAL
ESCOLA MUNICIPAL JOSÉ JERÔNIMO GAVÃO;TIBAU DO SUL;ZONA RURAL;007029707329;O88657;3131080;GNA-01Z2;-6,23403490;-35,15179510;LITORAL SUL;LITORAL
ESCOLA MUNICIPAL MIGUEL MOLLICK ITALIANO;TIBAU DO SUL;ZONA RURAL;000199416014;B17601;3086677;GNA-01Z2;-6,23307900;-35,13514140;LITORAL SUL;LITORAL
ESCOLA MUNICIPAL PADRE ARMANDO DE PAIVA;TIBAU DO SUL;ZONA RURAL;007006379332;R57018;3068647;PPA-01P4;-6,27876550;-35,03885400;LITORAL SUL;LITORAL
ESCOLA MUNICIPAL PRESIDENTE COSTA E SILVA;TIBAU DO SUL;ZONA RURAL;000199549014;B17593;3104074;GNA-01Z2;-6,23154360;-35,12861390;LITORAL SUL;LITORAL
ESCOLA MUNICIPAL PROFESSORA MARIA ZUMA CARVALHO;TIBAU DO SUL;ZONA RURAL;000199771019;P39732;3130864;GNA-01Z2;-6,21774300;-35,11869120;LITORAL SUL;LITORAL
ESCOLA MUNICIPAL VICENCIA CASTELO;TIBAU DO SUL;PIPA;000856682374;N17661;2431436;PPA-01P3;-6,23360180;-35,05595040;LITORAL SUL;LITORAL
GRUPO ESCOLAR JOSE MAMEDE;TIBAU DO SUL;CENTRO;000199966014;A15448;3100134;PPA-01P5;-6,18769000;-35,09026020;LITORAL SUL;LITORAL
GRUPO ESCOLAR MEIROZ GRILO;TIBAU DO SUL;ZONA RURAL;007029707329;O88657;3131080;GNA-01Z2;-6,23401150;-35,15235910;LITORAL SUL;LITORAL
ESCOLA ESTADUAL CEL MIGUEL TEIXEIRA;JARDIM DE ANGICOS;CENTRO;000323267014;P61623;2040841;JCM-01J3;-5,65322280;-35,96924750;LITORAL NORTE;LITORAL
ESCOLA ESTADUAL PROFESSOR FRANCISCO BARBOSA CAMARA;JARDIM DE ANGICOS;CENTRO;000323270015;E12884;3116553;JCM-01J3;-5,65173380;-35,97071890;LITORAL NORTE;LITORAL
ESCOLA MUNICIPAL JOSE AUGUSTA;JARDIM DE ANGICOS;ZONA RURAL;000323382018;P61742;2152843;JCM-01J3;-5,64728150;-36,04351230;LITORAL NORTE;LITORAL
ESCOLA MUNICIPAL JOSE BONIFACIO;JARDIM DE ANGICOS;ZONA RURAL;000680626014;P76845;2422023;JCM-01J2;-5,50652740;-35,98085800;LITORAL NORTE;LITORAL
SECRETARIA MUNICIPAL DE SAÚDE;JARDIM DE ANGICOS;CENTRO;000323267014;P61623;2040841;JCM-01J3;-5,65283350;-35,96962170;LITORAL NORTE;LITORAL
CAMARA MUNICIPAL;JOÃO CÂMARA;CENTRO;000308141012;A19563;2084386;JCM-01J4;-5,53949480;-35,81852640;LITORAL NORTE;LITORAL
CENTRAL DO TRABALHADOR/REST. POPULAR;JOÃO CÂMARA;CENTRO;000351752017;A20252;3126946;JCM-01J4;-5,54102590;-35,82167440;LITORAL NORTE;LITORAL
CMEI LUIZ ANTÔNIO;JOÃO CÂMARA;ZONA RURAL;000359877013;B25270;2384795;ZBL-01Z2;-5,36368260;-35,88303120;LITORAL NORTE;LITORAL
CMEI PROF. ITAMILDA SANTOS;JOÃO CÂMARA;BARROSO;000352086010;A20227;2085290;JCM-01J4;-5,54159170;-35,82153830;LITORAL NORTE;LITORAL
COLÉGIO ECO REDE DE ENSINO;JOÃO CÂMARA;CENTRO;000350177019;P72426;3115395;JCM-01J4;-5,53528715;-35,82080180;LITORAL NORTE;LITORAL
COLEGIO OBJETIVO;JOÃO CÂMARA;CENTRO;000307659018;P72352;2085620;JCM-01J4;-5,53891550;-35,81543530;LITORAL NORTE;LITORAL
ESC MUN FRANCISCO BITTENCOURT;JOÃO CÂMARA;ZONA RURAL;000359972016;P78520;2099544;JCM-01J2;-5,50872000;-35,82728340;LITORAL NORTE;LITORAL
ESCOLA ESTADUAL ANTONIO GOMES;JOÃO CÂMARA;CENTRO;000307740010;A19845;2101851;JCM-01J4;-5,53429950;-35,81413160;LITORAL NORTE;LITORAL
ESCOLA ESTADUAL CAPITAO JOSE DA PENHA;JOÃO CÂMARA;CENTRO;000351853018;P72565;2085238;JCM-01J4;-5,54151420;-35,81883980;LITORAL NORTE;LITORAL
ESCOLA ESTADUAL FRANCISCO DE ASSIS BITTENCOURT;JOÃO CÂMARA;CENTRO;000350202013;A19617;2490575;JCM-01J4;-5,53545800;-35,81785130;LITORAL NORTE;LITORAL
ESCOLA ESTADUAL JOSE QUERINO;JOÃO CÂMARA;ZONA RURAL;000322723016;P76437;2119827;JCM-01J3;-5,61638758;-35,80234322;LITORAL NORTE;LITORAL
ESCOLA ESTADUAL MARLUCE LUCAS;JOÃO CÂMARA;VILA NOVA;000351242019;O51322;201845X;JCM-01J4;-5,53488440;-35,82447370;LITORAL NORTE;LITORAL
ESCOLA MUNICIPAL ALICE SOARES;JOÃO CÂMARA;ZONA RURAL;007014954737;V08085;3095302;JCM-01J2;-5,51437410;-35,90693370;LITORAL NORTE;LITORAL
ESCOLA MUNICIPAL ALZIRA MATIAS;JOÃO CÂMARA;CENTRO;000308310019;P72396;3078094;JCM-01J4;-5,53808710;-35,81822810;LITORAL NORTE;LITORAL
ESCOLA MUNICIPAL ANTÔNIO SEVERIANO DA CÂMARA;JOÃO CÂMARA;SAO FRANCISCO;000350831010;P72502;2104653;JCM-01J4;-5,52659390;-35,82087710;LITORAL NORTE;LITORAL
ESCOLA MUNICIPAL CABEÇO PRETO;JOÃO CÂMARA;ZONA RURAL;000851869530;P76981;2086027;JDR-01L1;-5,42273190;-35,99372000;LITORAL NORTE;LITORAL
ESCOLA MUNICIPAL CANDIDO BARBOSA;JOÃO CÂMARA;ZONA RURAL;000360107019;P78817;3071605;JCM-01J2;-5,51831430;-35,84930760;LITORAL NORTE;LITORAL
ESCOLA MUNICIPAL CICERO VARELA;JOÃO CÂMARA;CENTRO;000307952017;P72363;2297383;JCM-01J4;-5,54009630;-35,81362870;LITORAL NORTE;LITORAL
ESCOLA MUNICIPAL DE BAIXA DO NOVILHO;JOÃO CÂMARA;ZONA RURAL;000850706883;B25566;2425024;JDR-01L1;-5,34487050;-35,92752070;LITORAL NORTE;LITORAL
ESCOLA MUNICIPAL DE BOA SORTE;JOÃO CÂMARA;ZONA RURAL;000378122015;P78575;2099675;JCM-01J2;-5,46934810;-35,83139110;LITORAL NORTE;LITORAL
ESCOLA MUNICIPAL DE SARAMANDAIA;JOÃO CÂMARA;ZONA RURAL;000642428012;B25441;2101741;JCM-01J2;-5,52776710;-35,89700230;LITORAL NORTE;LITORAL
ESCOLA MUNICIPAL ESTUDANTE FRANCISCO LEITE;JOÃO CÂMARA;VILA NOVA;000351242019;O51322;201845X;JCM-01J4;-5,53557290;-35,82469370;LITORAL NORTE;LITORAL
ESCOLA MUNICIPAL ESTUDANTE MARCOS ANTONIO;JOÃO CÂMARA;ZONA RURAL;000850189862;P72771;2085458;JCM-01J3;-5,60219089;-35,88141189;LITORAL NORTE;LITORAL
ESCOLA MUNICIPAL FRANCISCO ZABULOM;JOÃO CÂMARA;ZONA RURAL;000360318010;B25287;2052312;JCM-01J2;-5,49930560;-35,90935720;LITORAL NORTE;LITORAL
ESCOLA MUNICIPAL IVANISE LACERDA PIMENTA;JOÃO CÂMARA;ALTO DO FERREIRO;007018211852;U47745;3108842;JCM-01J4;-5,54784830;-35,81847500;LITORAL NORTE;LITORAL
ESCOLA MUNICIPAL JERONIMO CAMARA;JOÃO CÂMARA;CENTRO;000359262019;A19436;2104674;JCM-01J4;-5,54608640;-35,81485660;LITORAL NORTE;LITORAL
ESCOLA MUNICIPAL JOAO MARIA FURTADO;JOÃO CÂMARA;ZONA RURAL;000359753012;P78483;3124345;JCM-01J2;-5,51017870;-35,80437400;LITORAL NORTE;LITORAL
ESCOLA MUNICIPAL MANOEL EDMILSON;JOÃO CÂMARA;ZONA RURAL;000380977010;P80857;2099125;ZBL-01Z2;-5,33443072;-35,82646215;LITORAL NORTE;LITORAL
ESCOLA MUNICIPAL MARIA DA MOTA FERNANDES;JOÃO CÂMARA;ZONA RURAL;007000988329;M97826;2643691;JCM-01J1;-5,52182600;-35,78704840;LITORAL NORTE;LITORAL
ESCOLA MUNICIPAL MODELO I;JOÃO CÂMARA;ZONA RURAL;000662901016;P82058;2101909;JDR-01L1;-5,36386420;-35,95318530;LITORAL NORTE;LITORAL
ESCOLA MUNICIPAL MONSENHOR FREITAS;JOÃO CÂMARA;ZONA RURAL;000854297708;P77343;2160592;JCM-01J1;-5,53660974;-35,78100829;LITORAL NORTE;LITORAL
ESCOLA MUNICIPAL PEDRA D'AGUA DO JUAZEIRO;JOÃO CÂMARA;ZONA RURAL;000850833702;A20152;2258035;JCM-01J3;-5,57223977;-35,87351371;LITORAL NORTE;LITORAL
ESCOLA MUNICIPAL PEDRO TORQUATO;JOÃO CÂMARA;ZONA RURAL;000850103984;A20876;2119832;JCM-01J3;-5,62091640;-35,78417230;LITORAL NORTE;LITORAL
ESCOLA MUNICIPAL PROFESSORA MARIA DULCE DA SILVA COSTA;JOÃO CÂMARA;BARROSO;000351926015;A20289;2283318;JCM-01J4;-5,54158160;-35,82731420;LITORAL NORTE;LITORAL
ESCOLA MUNICIPAL RAFAEL FERNANDES;JOÃO CÂMARA;CENTRO;007016533658;L45537;3094409;JCM-01J4;-5,54596090;-35,81926080;LITORAL NORTE;LITORAL
ESCOLA MUNICIPAL VIRGILIO EPIFANIO DA COSTA;JOÃO CÂMARA;ZONA RURAL;000360525015;U36752;3106666;JCM-01J2;-5,42148730;-35,91995800;LITORAL NORTE;LITORAL
ESCOLA MUNICIPAL VITORIA VILAR;JOÃO CÂMARA;ZONA RURAL;000658536010;B25203;2119544;JCM-01J2;-5,38248130;-35,89896850;LITORAL NORTE;LITORAL
ESCOLA MUNICIPAL 16 DE JULHO;JOÃO CÂMARA;ZONA RURAL;000712553014;P81170;3112179;ZBL-01Z2;-5,35901130;-35,88108260;LITORAL NORTE;LITORAL
III URSAP - UNIDADE REGIONAL DE SAÚDE PÚBLICA;JOÃO CÂMARA;CENTRO;000352070017;A20177;3116438;JCM-01J4;-5,54227920;-35,82068120;LITORAL NORTE;LITORAL
SINDICATO DOS TRABALHADORES RURAIS;JOÃO CÂMARA;CENTRO;000350199012;P72422;3094469;JCM-01J4;-5,53667980;-35,82010310;LITORAL NORTE;LITORAL
UNIDADE BÁSICA DE SAÚDE DE LAJEADO;JOÃO CÂMARA;ZONA RURAL;000360044017;P78610;2084297;JCM-01J2;-5,46639440;-35,81350740;LITORAL NORTE;LITORAL
UNIDADE BÁSICA DE SAÚDE DE MORADA NOVA;JOÃO CÂMARA;ZONA RURAL;000360148017;P78803;866731;JCM-01J2;-5,51489020;-35,85331770;LITORAL NORTE;LITORAL
4ª DRAE - DIRETORIA REGIONAL DE ALIMENTAÇÃO ESCOLAR;JOÃO CÂMARA;CENTRO;000654809011;P72382;2358566;JCM-01J4;-5,53890510;-35,81638370;LITORAL NORTE;LITORAL
ESCOLA ESTADUAL PROF. PAULO FREIRE;BAÍA FORMOSA;CENTRO;000000834017;N05263;2368752;CGR-01C5;-6,37746330;-35,14106170;LITORAL SUL;LITORAL
ESCOLA MUNICIPAL DR. MANOEL FCO. DE MELO (SAGI);BAÍA FORMOSA;ZONA RURAL;000000834017;N05263;2368752;CGR-01C5;-6,37745470;-35,14112500;LITORAL SUL;LITORAL
ESCOLA MUNICIPAL JARBAS PASSARINHO;BAÍA FORMOSA;ZONA RURAL;000000834017;N05263;2368752;CGR-01C5;-6,37746220;-35,14107340;LITORAL SUL;LITORAL
ESCOLA MUNICIPAL MANOEL GERMANO DOS SANTOS;BAÍA FORMOSA;CENTRO;000000834017;N05263;2368752;CGR-01C5;-6,37747820;-35,14116290;LITORAL SUL;LITORAL
CENTRO DE EDUCAÇÃO RURAL ROBERTO MAGALHAES DE MELO;CANGUARETAMA;ZONA RURAL;000230231010;P43633;104494X;PPA-01P4;-6,31671974;-35,04503762;LITORAL SUL;LITORAL
ESCOLA ESTADUAL FABRICIO MARANHAO;CANGUARETAMA;CENTRO;000177700010;C15861;2368878;CGR-01C5;-6,38059289;-35,12765109;LITORAL SUL;LITORAL
ESCOLA ESTADUAL GUIOMAR DE VASCONCELOS;CANGUARETAMA;SERTAOZINHO;000176968010;N05275;2368789;CGR-01C5;-6,37682112;-35,13645895;LITORAL SUL;LITORAL
ESCOLA MUNICIPAL DR. ABELARDO CALAFANGE;CANGUARETAMA;ZONA RURAL;000228498017;U05101;475356;CGR-01C2;-6,36084393;-35,16033743;LITORAL SUL;LITORAL
ESCOLA MUNICIPAL ELZA BEZERRIL RIBEIRO;CANGUARETAMA;ZONA RURAL;000238105013;D10871;6666662;CGR-01C4;-6,41089025;-35,17931060;LITORAL SUL;LITORAL
ESCOLA MUNICIPAL JOSE DE ALBUQUERQUE MARANHAO;CANGUARETAMA;ZONA RURAL;000201169011;B17769;1003023;PPA-01P1;-6,29237991;-35,13426853;LITORAL SUL;LITORAL
ESCOLA MUNICIPAL JOSE DE CARVALHO E SILVA;CANGUARETAMA;CENTRO;000177673013;C15801;3104054;CGR-01C5;-6,38278166;-35,12941624;LITORAL SUL;LITORAL
ESCOLA MUNICIPAL JUAREZ RABELO;CANGUARETAMA;CENTRO;000177202010;N08400;2379591;CGR-01C5;-6,37975337;-35,13121129;LITORAL SUL;LITORAL
ESCOLA MUNICIPAL PROFª MARIA ELIZABETE DE CASTRO;CANGUARETAMA;ESTACAO;000855136880;C15340;2580951;CGR-01C5;-6,38117426;-35,14365115;LITORAL SUL;LITORAL
ESCOLA MUNICPAL NOSSA SENHORA DA CONCEIÇÃO;CANGUARETAMA;ZONA RURAL;000229203010;P37871;2368988;CGR-01C2;-6,36401419;-35,14163545;LITORAL SUL;LITORAL
UNIVERSIDADE DE CANGUARETAMA (ANEXO A ESCOLA M. JUAREZ RABELO);CANGUARETAMA;CENTRO;000177127019;N05283;2368794;CGR-01C5;-6,37967101;-35,13038921;LITORAL SUL;LITORAL
ESCOLA ESTADUAL DR. PEDRO VELHO- ENSINO FUND. E MÉDIO;PEDRO VELHO;CENTRO;000000834017;N05263;2368752;CGR-01C5;-6,37744320;-35,14109840;LITORAL SUL;LITORAL
ESCOLA ESTADUAL FABRICIO MARANHAO;PEDRO VELHO;CENTRO;000000834017;N05263;2368752;CGR-01C5;-6,37746180;-35,14108310;LITORAL SUL;LITORAL
ESCOLA MUNICIPAL DE ENS. FUND. SÃO SEBASTIÃO (ANTIGO CASTELO BRANCO);PEDRO VELHO;ZONA RURAL;000000834017;N05263;2368752;CGR-01C5;-6,37747080;-35,14109680;LITORAL SUL;LITORAL
ESCOLA MUNICIPAL DE 1º GRAU DR. JOSE TARGINO;PEDRO VELHO;CENTRO;000000834017;N05263;2368752;CGR-01C5;-6,37729250;-35,14120190;LITORAL SUL;LITORAL
ESCOLA MUNICIPAL DE 1º GRAU PADRE LEONCIO;PEDRO VELHO;ZONA RURAL;000000834017;N05263;2368752;CGR-01C5;-6,37742230;-35,14159190;LITORAL SUL;LITORAL
ESCOLA MUNICIPAL DEP. GRIMALDI RIBEIRO;PEDRO VELHO;CENTRO;000000834017;N05263;2368752;CGR-01C5;-6,37745610;-35,14112610;LITORAL SUL;LITORAL
ESCOLA ESTADUAL PRESIDENTE TANCREDO NEVES;VILA FLOR;CENTRO;000582266018;P43449;2393024;CGR-01C5;-6,31737668;-35,07722372;LITORAL SUL;LITORAL
ESCOLA MUNICIPAL BARTOLOMEU FAGUNDES;VILA FLOR;CENTRO;000200730011;C15993;104583;CGR-01C5;-6,31628179;-35,07639675;LITORAL SUL;LITORAL
ESCOLA ESTADUAL CARLOS GOMES;MONTANHAS;CENTRO;000187185017;P45723;2544672;NCR-01Z1;-6,48571330;-35,28649370;LITORAL SUL;LITORAL
ESCOLA ESTADUAL OCILA BEZERRIL;MONTANHAS;CENTRO;000238991013;P50143;X923024;NCR-01Z1;-6,48398040;-35,28358760;LITORAL SUL;LITORAL
ESCOLA MUNICIPAL BELO HORIZONTE;MONTANHAS;CIDADE NOVA;000187710014;D12245;3089303;NCR-01Z1;-6,49215180;-35,28679970;LITORAL SUL;LITORAL
ESCOLA MUNICIPAL FÁTIMA ARANHA;MONTANHAS;CENTRO;000736751011;O87842;3135597;NCR-01Z1;-6,48567590;-35,28152470;LITORAL SUL;LITORAL
ESCOLA MUNICIPAL GRIMALDE RIBEIRO;MONTANHAS;CENTRO;000238620015;MG5734;3068074;NCR-01Z1;-6,48375370;-35,29031330;LITORAL SUL;LITORAL
ESCOLA MUNICIPAL JESSÉ PINTO FREIRE;MONTANHAS;CIDADE NOVA;000187390010;P45755;3083539;NCR-01Z1;-6,49423940;-35,29075060;LITORAL SUL;LITORAL
COLEGIO NOSSA SENHORA DO CARMO;NOVA CRUZ;CENTRO;000581971010;P46129;307043;NCR-01Z4;-6,47808140;-35,43622550;LITORAL SUL;LITORAL
CRECHE MUNICIPAL EDNÓLIA CÂMARA DA SILVA;NOVA CRUZ;FREI DAMIAO;000224513011;C16770;3104121;NCR-01Z3;-6,48789370;-35,43133750;LITORAL SUL;LITORAL
ESCOLA ESTADUAL ALBERTO MARANHAO;NOVA CRUZ;CENTRO;000581971010;P46129;307043;NCR-01Z4;-6,47859240;-35,43653310;LITORAL SUL;LITORAL
ESCOLA ESTADUAL DJALMA MARINHO;NOVA CRUZ;SAO SEBASTIAO;000223954014;C17242;2529523;NCR-01Z3;-6,48599520;-35,42898580;LITORAL SUL;LITORAL
ESCOLA ESTADUAL FIRMA FRANCELINA DE OLIVEIRA;NOVA CRUZ;SAO SEBASTIAO;000221758013;C17392;3083526;NCR-01Z4;-6,47597010;-35,43189070;LITORAL SUL;LITORAL
ESCOLA ESTADUAL PRES GETULIO VARGAS;NOVA CRUZ;SAO SEBASTIAO;000222283019;C17164;2372444;NCR-01Z3;-6,48276350;-35,42998430;LITORAL SUL;LITORAL
ESCOLA ESTADUAL ROSA PIGNATARO;NOVA CRUZ;CENTRO;000221386019;C17293;2661328;NCR-01Z4;-6,47915830;-35,43422770;LITORAL SUL;LITORAL
ESCOLA MODELO;NOVA CRUZ;SAO SEBASTIAO;000221413016;C17279;2418965;NCR-01Z4;-6,47868790;-35,43233280;LITORAL SUL;LITORAL
ESCOLA MUNICIPAL ANTONIO PEIXOTO MARIANO;NOVA CRUZ;SAO SEBASTIAO;000222476011;C17085;3080344;NCR-01Z2;-6,47866010;-35,42901620;LITORAL SUL;LITORAL
ESCOLA MUNICIPAL DEPUTADO MARCIO MARINHO;NOVA CRUZ;SANTA MARIA GORETE;000224134010;P46254;3089203;NCR-01Z3;-6,48466130;-35,42400310;LITORAL SUL;LITORAL
ESCOLA MUNICIPAL FRANCISCO PEREIRA MATOS;NOVA CRUZ;ALTO DAS FLORES;000224993013;C16858;2027291;NCR-01Z3;-6,48397790;-35,43635180;LITORAL SUL;LITORAL
ESCOLA MUNICIPAL NESTOR MARINHO;NOVA CRUZ;CENTRO;000243018013;V10673;3120991;NCR-01Z4;-6,47939690;-35,43688470;LITORAL SUL;LITORAL
INSTITUTO FEDERAL DO RIO GRANDE DO NORTE - IFRN CAMPUS NOVA CRUZ/RN;NOVA CRUZ;SANTA LUZIA;007025237239;L37051;3115335;NCR-01Z4;-6,47186830;-35,44514480;LITORAL SUL;LITORAL
SESC;NOVA CRUZ;FREI DAMIAO;000856235343;V02370;2588395;NCR-01Z3;-6,48653380;-35,42986750;LITORAL SUL;LITORAL
CENTRO DE EDUCACAO INFANTIL EDUCADORA NOILDE RAMALHO;PASSA E FICA;CENTRO;007010002111;V06730;3084314;LGD-01L1;-6,43090400;-35,64857460;LITORAL SUL;LITORAL
ESCOLA ESTADUAL DJALMA MARINHO;PASSA E FICA;CENTRO;000196500014;L12402;1560761;LGD-01L1;-6,43315280;-35,64543680;LITORAL SUL;LITORAL
ESCOLA ESTADUAL SENADOR JOAO CAMARA;PASSA E FICA;CENTRO;000196462015;P55130;3129179;LGD-01L1;-6,43619880;-35,64431180;LITORAL SUL;LITORAL
ESCOLA MODELO;PASSA E FICA;CENTRO;000729690015;A17717;2383220;LGD-01L1;-6,43220190;-35,64429920;LITORAL SUL;LITORAL
ESCOLA MUNICIPAL GOV. MARIO COVAS;PASSA E FICA;SAO PEDRO;000197326018;A17655;3080922;LGD-01L1;-6,43533860;-35,64596610;LITORAL SUL;LITORAL
ESCOLA MUNICIPAL JARBAS PASSARINHO;PASSAGEM;CENTRO;000192829011;C13328;3073717;BJN-01N3;-6,28083000;-35,37769000;LITORAL SUL;LITORAL
ESCOLA ESTADUAL ANTONIO DE OLIVEIRA FAGUNDES;PASSAGEM;CENTRO;000193015018;C13345;2042938;BJN-01N3;-6,27554500;-35,37570330;LITORAL SUL;LITORAL
CAMARA DE VEREADORES;SANTO ANTÔNIO;CENTRO;000184644010;MG5745;3114856;STO-01S3;-6,30861650;-35,47643220;LITORAL SUL;LITORAL
CRECHE PROFESSORA ANA ROSA DE ARAUJO;SANTO ANTÔNIO;CENTRO;000241807010;C18326;3103277;STO-01S4;-6,31343550;-35,48700450;LITORAL SUL;LITORAL
ESC. EST. DE EDUCAÇÃO INTEGRAL PROF. JOSÉ DO CARMO DOS SANTOS;SANTO ANTÔNIO;CENTRO;000241800016;C18381;2056853;STO-01S4;-6,31065170;-35,48473670;LITORAL SUL;LITORAL
ESCOLA ESTADUAL DR MANOEL DANTAS;SANTO ANTÔNIO;CENTRO;000000542016;P46935;1517538;STO-01S3;-6,31202850;-35,47896200;LITORAL SUL;LITORAL
ESCOLA ESTADUAL FILOMENA DE AZEVEDO;SANTO ANTÔNIO;CENTRO;000240936011;C18344;3096067;STO-01S4;-6,31384370;-35,48262590;LITORAL SUL;LITORAL
ESCOLA ESTADUAL HELIO BARBOSA;SANTO ANTÔNIO;CENTRO;000241292010;C18195;2373867;STO-01S4;-6,31462820;-35,48798320;LITORAL SUL;LITORAL
ESCOLA ESTADUAL JULIA ALTA OLIVEIRA;SANTO ANTÔNIO;ZONA RURAL;000241368017;A14340;3100152;STO-01S3;-6,27473370;-35,42392650;LITORAL SUL;LITORAL
ESCOLA ESTADUAL PROFESSOR ALEXANDRE CELSO GARCIA;SANTO ANTÔNIO;CENTRO;000240536013;C18361;3075570;STO-01S4;-6,31232240;-35,48185700;LITORAL SUL;LITORAL
ESCOLA MUNICIPAL MARIA UMBELINO DE MELO;SANTO ANTÔNIO;CENTRO;000240536013;C18361;3075570;STO-01S4;-6,31287940;-35,48280430;LITORAL SUL;LITORAL
CAMARA MUNICIPAL;SERRINHA;CENTRO;000190080013;U80709;2607784;STO-01S5;-6,27970500;-35,49583000;LITORAL SUL;LITORAL
COMPLEXO ADMINISTRATIVO E SOCIAL MARIA CICERA DOS SANTOS;SERRINHA;CENTRO;000190072010;U80710;2036746;STO-01S5;-6,28039830;-35,49425670;LITORAL SUL;LITORAL
ESCOLA ESTADUAL DOMITILA NORONHA;SERRINHA;CENTRO;000190072010;U80710;2036746;STO-01S5;-6,27989830;-35,49456500;LITORAL SUL;LITORAL
GINASIO MUNICIPAL JOAO PAULO I;SERRINHA;CENTRO;000190072010;U80710;2036746;STO-01S5;-6,28060510;-35,49465640;LITORAL SUL;LITORAL
CAMARA DE VEREADORES;VÁRZEA;CENTRO;000184926016;C14244;3075578;STO-01S2;-6,34502830;-35,37410910;LITORAL SUL;LITORAL
ESCOLA ESTADUAL DOM JOAQUIM DE ALMEIDA;VÁRZEA;CENTRO;000184828014;C14410;3086662;STO-01S2;-6,34743060;-35,37506350;LITORAL SUL;LITORAL
ESCOLA MUNICIPAL PLACIDO TOMAZ DE LIMA;VÁRZEA;CENTRO;000184926016;C14244;3075578;STO-01S2;-6,34540710;-35,37346560;LITORAL SUL;LITORAL
ESCOLA MUNICIPAL IZABEL NUNES TORRES;SÃO MIGUEL DO GOSTOSO;DISTRITO REDUTO;000364683014;P80105;205247X;GTS-01N3;-5,11337160;-35,68383760;LITORAL NORTE;LITORAL
ESCOLA MUNICIPAL JOAO FRANCA;SÃO MIGUEL DO GOSTOSO;ZONA RURAL;000850600031;P84084;3068545;ZBL-01Z3;-5,29146530;-35,75973810;LITORAL NORTE;LITORAL
ESCOLA MUNICIPAL JOAO TOMAZ DE OLIVEIRA;SÃO MIGUEL DO GOSTOSO;ZONA RURAL;000326399019;P84515;210387X;SBN-01S1;-5,10048720;-35,76103050;LITORAL NORTE;LITORAL
ESCOLA MUNICIPAL JOSE SOARES DO NASCIMENTO;SÃO MIGUEL DO GOSTOSO;ZONA RURAL;000850314004;R77234;3071376;ZBL-01Z3;-5,17340020;-35,69062280;LITORAL NORTE;LITORAL
ESCOLA MUNICIPAL LEONARDO PEREIRA;SÃO MIGUEL DO GOSTOSO;ZONA RURAL;000380908018;D15979;1088835;ZBL-01Z3;-5,21410520;-35,80169170;LITORAL NORTE;LITORAL
ESCOLA MUNICIPAL MARGARIDA ALVES;SÃO MIGUEL DO GOSTOSO;ZONA RURAL;000795144013;N20719;1911769;ZBL-01Z4;-5,27116120;-35,71119900;LITORAL NORTE;LITORAL
ESCOLA MUNICIPAL OLIMPIA TEIXEIRA;SÃO MIGUEL DO GOSTOSO;CENTRO;000771305016;C22539;3108729;GTS-01N2;-5,12506030;-35,63450270;LITORAL NORTE;LITORAL
ESCOLA MUNICIPAL PREFEITO JOSE AMERICO DE SOUZA;SÃO MIGUEL DO GOSTOSO;ZONA RURAL;000380528010;D15829;210398X;ZBL-01Z3;-5,25743500;-35,81073160;LITORAL NORTE;LITORAL
ESCOLA MUNICIPAL PROFA. SABINA EMILIA;SÃO MIGUEL DO GOSTOSO;ZONA RURAL;000364735014;P80274;2052485;ZBL-01Z3;-5,13556980;-35,69976860;LITORAL NORTE;LITORAL
ESCOLA MUNICIPAL PROFESSOR PAULO FREIRE;SÃO MIGUEL DO GOSTOSO;ZONA RURAL;000851035567;C22395;2197706;ZBL-01Z3;-5,19650310;-35,70829860;LITORAL NORTE;LITORAL
ESCOLA MUNICIPAL PROFESSORA ANA RIBEIRO BARBOSA;SÃO MIGUEL DO GOSTOSO;CENTRO;007017471001;U40717;2580464;GTS-01N2;-5,12800770;-35,63309810;LITORAL NORTE;LITORAL
ESCOLA MUNICIPAL PROFESSORA MARIA SOLIDADE COELHO DE OLIVEIRA;SÃO MIGUEL DO GOSTOSO;ZONA RURAL;000713584010;C22874;1912296;ZBL-01Z4;-5,28611790;-35,74312390;LITORAL NORTE;LITORAL
ESCOLA MUNICIPAL RICARDO SIMEONE;SÃO MIGUEL DO GOSTOSO;ZONA RURAL;000795168010;C22848;2424303;ZBL-01Z4;-5,22779160;-35,68664420;LITORAL NORTE;LITORAL
ESCOLA MUNICIPAL ZUZA TORRES;SÃO MIGUEL DO GOSTOSO;CENTRO;000855891999;N07443;3114047;GTS-01N2;-5,12311430;-35,63494480;LITORAL NORTE;LITORAL
APAE- ASSOCIACAO DOS PAIS E AMIGOS DOS EXCEPCIONAIS;TOUROS;CENTRO;000310941018;C21921;2283936;BCA-01S3;-5,20100670;-35,45729820;LITORAL NORTE;LITORAL
CENTRO MUNICIPAL DE EDUCACAO INFANTIL - CMEI;TOUROS;CENTRO;000769709010;P74411;3130081;BCA-01S3;-5,19428294;-35,46244438;LITORAL NORTE;LITORAL
CMEI ANTONIO SEVERIANO DA CAMARA;TOUROS;ZONA RURAL;000378312019;U31170;2659137;BCA-01S4;-5,30745750;-35,47371620;LITORAL NORTE;LITORAL
CMEI CAJUEIRO;TOUROS;ZONA RURAL;000363295010;U74677;2734851;GTS-01N1;-5,15237716;-35,51711167;LITORAL NORTE;LITORAL
ESCOLA ESTADUAL CORONEL ANTONIO DO LAGO;TOUROS;CENTRO;000310868019;C21916;3112984;BCA-01S3;-5,20037140;-35,45950740;LITORAL NORTE;LITORAL
ESCOLA ESTADUAL ISABEL BARBOSA VIEIRA;TOUROS;CENTRO;000310748013;P74342;3106641;BCA-01S3;-5,19139236;-35,47451746;LITORAL NORTE;LITORAL
ESCOLA ESTADUAL TABELIAO JULIO MARIA;TOUROS;CENTRO;000312105012;C21676;2283412;BCA-01S3;-5,19528341;-35,46425039;LITORAL NORTE;LITORAL
ESCOLA MUNICIPAL AGROVILA ARACATI;TOUROS;ZONA RURAL;007027951435;R46418;2108506;ZBL-01Z4;-5,30874410;-35,66410560;LITORAL NORTE;LITORAL
ESCOLA MUNICIPAL ANDRE GOMES;TOUROS;ZONA RURAL;000378280010;P74272;2053447;BCA-01S3;-5,21169868;-35,51663619;LITORAL NORTE;LITORAL
ESCOLA MUNICIPAL CHICO MENDES;TOUROS;ZONA RURAL;000804011013;C23014;1978844;ZBL-01Z3;-5,32795380;-35,78017670;LITORAL NORTE;LITORAL
ESCOLA MUNICIPAL DE PEROBAS;TOUROS;ZONA RURAL;000312389010;D15095;2351665;BCA-01S5;-5,25311510;-35,39394420;LITORAL NORTE;LITORAL
ESCOLA MUNICIPAL DE VILA ISRAEL;TOUROS;ZONA RURAL;000378292018;P80503;2415131;BCA-01S1;-5,20268540;-35,55314230;LITORAL NORTE;LITORAL
ESCOLA MUNICIPAL DE VILA MAYNE;TOUROS;ZONA RURAL;000380443015;P80451;2052506;BCA-01S1;-5,18746367;-35,59580505;LITORAL NORTE;LITORAL
ESCOLA MUNICIPAL DR. ORLANDO FLAVIO JUNQUEIRA AYRES;TOUROS;CENTRO;000312285010;P74392;3102564;BCA-01S3;-5,19668967;-35,46537620;LITORAL NORTE;LITORAL
ESCOLA MUNICIPAL EMIDIO MANOEL DO NASCIMENTO;TOUROS;ZONA RURAL;000854339940;T00108;241520X;BCA-01S1;-5,21846390;-35,61678619;LITORAL NORTE;LITORAL
ESCOLA MUNICIPAL ESMERALDA FRANCA;TOUROS;ZONA RURAL;000854316540;P65935;3071345;BCA-01S2;-5,28302660;-35,56725490;LITORAL NORTE;LITORAL
ESCOLA MUNICIPAL GEANE MACHADO;TOUROS;ZONA RURAL;000850054371;B26162;2384884;ZBL-01Z1;-5,37355640;-35,73639650;LITORAL NORTE;LITORAL
ESCOLA MUNICIPAL JOAO JOAQUIM DA SILVA;TOUROS;ZONA RURAL;000379156010;D14989;3105842;BCA-01S4;-5,31182340;-35,47404900;LITORAL NORTE;LITORAL
ESCOLA MUNICIPAL JOSE ALEXANDRE DA SILVA;TOUROS;ZONA RURAL;000378303010;O69445;3129962;BCA-01S2;-5,28212190;-35,56442700;LITORAL NORTE;LITORAL
ESCOLA MUNICIPAL LUIS GOMES DE OLIVEIRA;TOUROS;ZONA RURAL;007024754205;P74038;2053824;BCA-01S1;-5,22966660;-35,54405283;LITORAL NORTE;LITORAL
ESCOLA MUNICIPAL LUIZA CIRINO DA SILVA;TOUROS;ZONA RURAL;000380219018;P80673;3125199;BCA-01S1;-5,23943168;-35,58500990;LITORAL NORTE;LITORAL
ESCOLA MUNICIPAL LUTERO BARBOSA;TOUROS;ZONA RURAL;000364032013;P74960;2052841;GTS-01N1;-5,12819580;-35,60824060;LITORAL NORTE;LITORAL
ESCOLA MUNICIPAL MANOEL SEVERIANO MONTEIRO;TOUROS;ZONA RURAL;000708903019;P82658;2107607;ZBL-01Z1;-5,40242420;-35,76027000;LITORAL NORTE;LITORAL
ESCOLA MUNICIPAL MANOEL TARQUINIO;TOUROS;ZONA RURAL;000363855016;P74860;2052815;GTS-01N1;-5,13523358;-35,57725455;LITORAL NORTE;LITORAL
ESCOLA MUNICIPAL MARIA CAROLINA DOS SANTOS;TOUROS;ZONA RURAL;000379572014;D14870;2402651;BCA-01S4;-5,29889680;-35,48891790;LITORAL NORTE;LITORAL
ESCOLA MUNICIPAL MARIA DO CARMO RIBEIRO;TOUROS;ZONA RURAL;000363276016;P74694;2082703;GTS-01N1;-5,15435570;-35,51877950;LITORAL NORTE;LITORAL
ESCOLA MUNICIPAL MARIA DOS ANJOS DO NASCIMENTO;TOUROS;ZONA RURAL;000312047012;C21996;3099345;BCA-01S5;-5,21397440;-35,43566190;LITORAL NORTE;LITORAL
ESCOLA MUNICIPAL PROFESSOR GASPAR FRANÇA;TOUROS;PORTAL DE TOUROS;000311519018;C21655;3074411;BCA-01S3;-5,19325210;-35,46934020;LITORAL NORTE;LITORAL
ESCOLA MUNICIPAL SANTO ANTONIO;TOUROS;ZONA RURAL;000639314014;B26250;2107654;ZBL-01Z4;-5,33508430;-35,72303100;LITORAL NORTE;LITORAL
ESCOLA MUNICIPAL VICENTE TAVARES DE LIRA;TOUROS;ZONA RURAL;000363688012;P74797;2052883;GTS-01N1;-5,15077911;-35,53935794;LITORAL NORTE;LITORAL
SECRETARIA MUNICIPAL DE TURISMO;TOUROS;CENTRO;000310747017;C21887;3125630;BCA-01S3;-5,20006000;-35,45804630;LITORAL NORTE;LITORAL
IFRN - INSTITUTO FEDERAL DE EDUCAÇÃO;2.0;NATAL;007000662130;PY15248;3100358;CGR-01C3;-5,81214430;-5,81214430;ASSU;OESTE-SERIDÓ
INSTITUTO FEDERAL DE EDUCAÇÃO;30.0;MACAU;007000662130;PY15248;3100358;CGR-01C3;-5,15136410;-5,15136410;;LITORAL
IFRN - INSTITUTO FEDERAL DE EDUCAÇÃO;51.0;SÃO GONÇALO DO AMARANTE;007000662130;PY15248;3100358;CGR-01C3;-5,78951310;-5,78951310;NATAL NORTE;LITORAL
ESCOLA ESTADUAL ANTONIA GUEDES MARTINS;LAGOA D'ANTA;CENTRO;000197894016;U36317;202666X;LGD-01L3;-6,39575170;-35,59428000;LITORAL SUL;LITORAL
ESCOLA ESTADUAL FELISMINO JOSE DA COSTA;MONTE DAS GAMELEIRAS;CENTRO;000199064010;B20780;203682X;LGD-01L1;-6,43903452;-35,78446036;LITORAL SUL;LITORAL
ESCOLA MUNICIPAL VIRTUOSA BERNARDINA DA COSTA;MONTE DAS GAMELEIRAS;CENTRO;000199057014;B20792;3102488;LGD-01L1;-6,44109591;-35,78474174;LITORAL SUL;LITORAL
ESCOLA ESTADUAL BELMIRA LARA;SÃO JOSÉ DO CAMPESTRE;CENTRO;000235271010;P48059;2370798;LGD-01L2;-6,31900330;-35,70793330;LITORAL SUL;LITORAL
ESCOLA ESTADUAL DIOGENES DA CUNHA LIMA;SÃO JOSÉ DO CAMPESTRE;CENTRO;000180979018;P47795;3116266;LGD-01L2;-6,31757920;-35,71549060;LITORAL SUL;LITORAL
ESCOLA ESTADUAL PADRE TOMAZ DE AQUINO;SÃO JOSÉ DO CAMPESTRE;CENTRO;000235352010;B18741;2084056;LGD-01L2;-6,31751770;-35,71163240;LITORAL SUL;LITORAL
ESCOLA MUNICIPAL ANTONIO MATIAS DE ARAUJO;SÃO JOSÉ DO CAMPESTRE;PARAIBA;000242976010;B18523;2594660;LGD-01L2;-6,32462330;-35,71388830;LITORAL SUL;LITORAL
ESCOLA MUNICIPAL JARDELINA FREIRE DO NASCIMENTO;SÃO JOSÉ DO CAMPESTRE;CENTRO;000236404013;B18731;3086329;LGD-01L2;-6,31569890;-35,71092990;LITORAL SUL;LITORAL
ESCOLA ESTADUAL DEPUTADO MARCIO MARINHO;SERRA DE SÃO BENTO;SAO JOAO;000198865010;A17894;3069352;LGD-01L1;-6,41548500;-35,70234713;LITORAL SUL;LITORAL
ESCOLA ESTADUAL PROFESSOR JOAQUIM TORRES;SERRA DE SÃO BENTO;CENTRO;000198176010;GD1600;2188969;LGD-01L1;-6,41616806;-35,70311301;LITORAL SUL;LITORAL
ESCOLA MUNICIPAL MARIA AUXILIADORA;SERRA DE SÃO BENTO;CENTRO;000198542016;L90025;3099389;LGD-01L1;-6,41764734;-35,70347709;LITORAL SUL;LITORAL
CRECHE MUNICIPAL MENINOS JAPIENSES;JAPI;CENTRO;000321048013;AD71357;2073023;STU-01Y4;-6,46658530;-35,94658070;SERIDO;OESTE-SERIDÓ
ESCOLA ESTADUAL CEL MANOEL MEDEIROS II;JAPI;CENTRO;000320954010;AD64659;3134852;STU-01Y4;-6,46594550;-35,94681470;SERIDO;OESTE-SERIDÓ
ESCOLA ESTADUAL ENSINO DE 1 GRAU MANOEL MEDEIROS;JAPI;CENTRO;000321233015;AD71095;3124521;STU-01Y4;-6,46553760;-35,94617020;SERIDO;OESTE-SERIDÓ
ESCOLA JOSE DA COSTA MEDEIROS;JAPI;CENTRO;000321233015;AD71095;3124521;STU-01Y4;-6,46403390;-35,94592160;SERIDO;OESTE-SERIDÓ
ESCOLA MUNICIPAL CLAUDIANO LUIZ DE LIMA;JAPI;ZONA RURAL;000321841015;M14800;2073091;LGD-01L1;-6,52899300;-35,82982380;SERIDO;OESTE-SERIDÓ
CCI - CENTRO COMUNITARIO INTEGRADO;SANTA CRUZ;CONEGO MONTE;000854481711;V01654;2528760;STU-01Y5;-6,23096020;-36,01392610;SERIDO;OESTE-SERIDÓ
CEDAP - CONTEXTO DE EDUCAÇÃO E DESENVOLVIMENTO DA APRENDIZAGEM;SANTA CRUZ;NOVA SANTA CRUZ;007003794355;O75143;3127568;STU-01Y7;-6,22427350;-36,02281290;SERIDO;OESTE-SERIDÓ
ESCOLA ESTADUAL JOAO FERREIRA DE SOUZA;SANTA CRUZ;PARAISO;000331287016;AD49206;2417940;STU-01Y5;-6,23434350;-36,02836900;SERIDO;OESTE-SERIDÓ
ESCOLA MUNICIPAL JOÃO DE OLIVEIRA CONFESSOR;SANTA CRUZ;ZONA RURAL;000855405989;V02263;2563632A;STU-01Y4;-6,34770490;-35,95158650;SERIDO;OESTE-SERIDÓ
ESCOLA MUNICIPAL NOSSA SENHORA APARECIDA;SANTA CRUZ;ZONA RURAL;007002889948;AF45886;2225345;STU-01Y6;-6,10108360;-36,01446830;SERIDO;OESTE-SERIDÓ
ESCOLA PROF FRANCISCO DE ASSIS RIBEIRO;SANTA CRUZ;CENTRO;007016561988;V09022;3106503;STU-01Y7;-6,22769010;-36,01894230;SERIDO;OESTE-SERIDÓ
IESC - INSTITUTO EDUCACIONAL DE SANTA CRUZ;SANTA CRUZ;DNER;007023522564;U66469;3116700;STU-01Y6;-6,22756860;-36,01676690;SERIDO;OESTE-SERIDÓ
ESCOLA ESTADUAL ANTONIO PINHEIRO;LAGOA D'ANTA;CENTRO;000197415010;P53795;3070379;LGD-01L3;-6,39096000;-35,59792670;LITORAL SUL;LITORAL
INSTITUTO CÔNEGO MONTE;SANTA CRUZ;CENTRO;000290431018;AD5245X;3072307;STU-01Y7;-6,22818070;-36,02008940;SERIDO;OESTE-SERIDÓ
UFRN - FACISA;SANTA CRUZ;CENTRO;007010355820;V06581;3082967;STU-01Y7;-6,22796170;-36,02167170;SERIDO;OESTE-SERIDÓ
ESCOLA ESTADUAL PROFA. MARIA LIDIA DA SILVA;SÃO BENTO DO TRAIRÍ;CENTRO;000320227011;AD63283;3134033;STU-01Y3;-6,34288660;-36,08496270;SERIDO;OESTE-SERIDÓ
ESCOLA MUNICIPAL JOSÉ RIBEIRO DA SILVA;SÃO BENTO DO TRAIRÍ;CENTRO;000320163013;AD63346;3210000;STU-01Y3;-6,34295020;-36,08363530;SERIDO;OESTE-SERIDÓ
CENTRO EDUCACIONAL RIO DO VENTO;CAIÇARA DO RIO DO VENTO;CENTRO;000323425019;E11284;3074496;SPG-01P2;-5,75965000;-35,99705833;LITORAL SUL;LITORAL
ESCOLA ESTADUAL DR. GERALDO TEIXEIRA;CAIÇARA DO RIO DO VENTO;CENTRO;000323467013;P54129;2047957;SPG-01P2;-5,75862333;-35,99873333;LITORAL SUL;LITORAL
ESCOLA ESTADUAL 7 DE SETEMBRO;CAIÇARA DO RIO DO VENTO;CENTRO;000323425019;E11284;3074496;SPG-01P2;-5,75986833;-35,99719667;LITORAL SUL;LITORAL
CENTRO INTEGR. DE EDUC. DE JOVENS E ADULTOS PROFA JURACI SOARES- CIEJA;LAJES;CENTRO;000278917010;BC33656;3087886;SMG-01M2;-5,69991927;-36,24470155;ASSU;OESTE-SERIDÓ
CENTRO MUNICIPAL DE EDUCAÇÃO INFANTIL (CMEI);LAJES;CENTRO;000278917010;BC33656;3087886;SMG-01M2;-5,69898248;-36,24404715;ASSU;OESTE-SERIDÓ
ESCOLA ESTADUAL FRANCISCO DE OLIVEIRA CABRAL;LAJES;CENTRO;007015349683;V07072;3086950;SMG-01M2;-5,70238842;-36,24912070;ASSU;OESTE-SERIDÓ
ESCOLA MUNICIPAL ELOI DE SOUZA;LAJES;CENTRO;000288442010;U60416;3081945;SMG-01M2;-5,69570255;-36,23748148;ASSU;OESTE-SERIDÓ
ESCOLA MUNICIPAL MARTA BEZERRA CUNHA;LAJES;CENTRO;000247479015;L35582;3071792;SMG-01M2;-5,70137474;-36,24694775;ASSU;OESTE-SERIDÓ
ESCOLA MUNICIPAL MONSENHOR VICENTE DE PAULA;LAJES;CENTRO;000288585016;BC35339;2192734;SMG-01M2;-5,69634276;-36,24146096;ASSU;OESTE-SERIDÓ
POLO UNIVERSITÁRIO - UAB - UNIVERSIDADE ABERTA DO BRASIL;LAJES;CENTRO;000288585016;BC35339;2192734;SMG-01M2;-5,69613636;-36,24105030;ASSU;OESTE-SERIDÓ
ESCOLA MUNICIPAL JOAO BANDEIRA SOBRINHO;PEDRA PRETA;CENTRO;007013400193;L44001;3094052;SMG-01M2;-5,57931869;-36,10293580;ASSU;OESTE-SERIDÓ
ESCOLA PROFESSORA GERSINA BEZERRA;PEDRA PRETA;CENTRO;000265396011;BD99483;3094249;SMG-01M2;-5,58155422;-36,10498144;ASSU;OESTE-SERIDÓ
PRE-ESCOLA TURMA DA MONICA;PEDRA PRETA;CENTRO;000265372015;U80245;3106778;SMG-01M2;-5,58306589;-36,10245523;ASSU;OESTE-SERIDÓ
ESCOLA ESTADUAL PROFESSOR ABEL FURTADO;PEDRO AVELINO;CENTRO;000247942017;L71471;3081980;SMG-01M3;-5,52337397;-36,38606668;ASSU;OESTE-SERIDÓ
ESCOLA ESTADUAL PROFESSORA JOSEFA SAMPAIO MARINHO;PEDRO AVELINO;CENTRO;000248203013;O36786;3073170;SMG-01M3;-5,51846101;-36,38830492;ASSU;OESTE-SERIDÓ
ESCOLA MUNICIPAL CÔNEGO ANTÔNIO ANTAS;PEDRO AVELINO;CONJUNTO PEDRO MELO;000247891013;BC61568;3090953;SMG-01M3;-5,52600138;-36,38618125;ASSU;OESTE-SERIDÓ
ESCOLA MUNICIPAL MARIA GORETE CÂMARA;PEDRO AVELINO;SÃO FRANCISCO;000288020019;BC73835;3115387;SMG-01M3;-5,51601681;-36,37570442;ASSU;OESTE-SERIDÓ
ESCOLA MUNICIPAL RAIMUNDO CAVALCANTI DE ALBUQUERQUE;PEDRO AVELINO;SÃO GERALDO;000288240019;L68368;3096843;SMG-01M3;-5,51807368;-36,39167244;ASSU;OESTE-SERIDÓ
CENTRO EDUCACIONAL MUNICIPAL BATISTA MONTENEGRO;AFONSO BEZERRA;CENTRO;000851767185;BC75319;3117519;SMG-01M3;-5,49889400;-36,50983240;ASSU;OESTE-SERIDÓ
CENTRO MUNICIPAL ENSINO RURAL UNIDADE I - ANALIA LEMOS;AFONSO BEZERRA;ZONA RURAL;000258794010;BC68537;1385007;SMG-01M3;-5,58420330;-36,47816500;ASSU;OESTE-SERIDÓ
CENTRO MUNICIPAL ENSINO RURAL UNIDADE II - BOM JESUS;AFONSO BEZERRA;ZONA RURAL;000779997014;BC8803X;1969101;EST-01S6;-5,44770500;-36,65214670;ASSU;OESTE-SERIDÓ
CENTRO MUNICIPAL ENSINO RURAL UNIDADE VI - MANOEL VICENTE DE OLIVEIRA;AFONSO BEZERRA;ZONA RURAL;007001779880;BE53477;2667183;EST-01S6;-5,43646670;-36,84736000;ASSU;OESTE-SERIDÓ
CENTRO MUNICIPAL ENSINO RURAL UNIDADE XIV - PREF JOSE AMERICO DE SOUZA;AFONSO BEZERRA;ZONA RURAL;000855096137;O84269;3125767;MCA-01Z1;-5,42023670;-36,59155830;ASSU;OESTE-SERIDÓ
CENTRO MUNICIPAL ENSINO RURAL UNIDADE XV -PROFA MARTA VICENTE DA COSTA;AFONSO BEZERRA;ZONA RURAL;000851311181;BC81647;2323080;EST-01S6;-5,44927330;-36,74545000;ASSU;OESTE-SERIDÓ
CMER UNIDADE IX - SANTO ANTÔNIO;AFONSO BEZERRA;ZONA RURAL;000850069514;BD6134X;2008478;EST-01S4;-5,41646060;-36,67049180;ASSU;OESTE-SERIDÓ
ESCOLA ESTADUAL JOSÉ AVELINO;AFONSO BEZERRA;CENTRO;000258174011;L81444;3075641;SMG-01M3;-5,49907670;-36,50692000;ASSU;OESTE-SERIDÓ
ESCOLA ESTADUAL PROFA. MARIA ALINA PINHEIRO;AFONSO BEZERRA;CENTRO;000258074017;BC75193;1806584;SMG-01M3;-5,49966330;-36,50457500;ASSU;OESTE-SERIDÓ
ESCOLA ESTADUAL PROFESSORA GILDECINA BEZERRA;AFONSO BEZERRA;NOVA DESCOBERTA;000284901010;R85748;3087571;SMG-01M3;-5,49752500;-36,51102670;ASSU;OESTE-SERIDÓ
ESCOLA MUNICIPAL DE EDUCAÇAO INFANTIL MARIA DE FILOMENA;AFONSO BEZERRA;CENTRO;000258086015;BD65260;3126801;SMG-01M3;-5,49850000;-36,50428830;ASSU;OESTE-SERIDÓ
ESCOLA MUNICIPAL DE SANTA MARIA;AFONSO BEZERRA;ZONA RURAL;000678518018;BC86891;2141339;EST-01S6;-5,46941150;-36,65303950;ASSU;OESTE-SERIDÓ
ESCOLA MUNICIPAL PROFA FRANCISCA BATISTA DOS SANTOS;AFONSO BEZERRA;ZONA RURAL;000257934012;T70042;3092040;EST-01S6;-5,40120170;-36,83080670;ASSU;OESTE-SERIDÓ
CENTRO EDUCACIONAL CENECISTA PADRE FÉLIX;ANGICOS;CENTRO;000245422016;BC43135;3105192;SMG-01M1;-5,66466500;-36,60102170;ASSU;OESTE-SERIDÓ
COLÉGIO ESTADUAL PROFESSOR JOSÉ RUFINO;ANGICOS;CENTRO;000245422016;BC43135;3105192;SMG-01M1;-5,66470000;-36,60081330;ASSU;OESTE-SERIDÓ
ESCOLA ESTADUAL PROFESSOR FRANCISCO VERAS;ANGICOS;ALTO DO TRIÂNGULO;000245611013;BC43989;3083952;SMG-01M1;-5,66820670;-36,60094000;ASSU;OESTE-SERIDÓ
ESCOLA ESTADUAL PROFESSORA JOANA HONÓRIO;ANGICOS;CENTRO;000245218010;GD1076;1765983;SMG-01M1;-5,66130860;-36,60137910;ASSU;OESTE-SERIDÓ
ESCOLA MUNICIPAL PROFESSORA MARIA ODILA;ANGICOS;ALTO DA ESPERANÇA;000245710011;BC41363;3116011;IAJ-01J2;-5,66553170;-36,60371670;ASSU;OESTE-SERIDÓ
ESCOLA ESTADUAL PROFESSORA FRANCISCA ALVES;FERNANDO PEDROZA;CENTRO;000244974015;O36804;3090980;SMG-01M1;-5,69620500;-36,53097000;ASSU;OESTE-SERIDÓ
ESCOLA MUNICIPAL FABRÍCIO PEDROZA;FERNANDO PEDROZA;CENTRO;000244974015;O36804;3090980;SMG-01M1;-5,69565500;-36,53079670;ASSU;OESTE-SERIDÓ
ESCOLA ESTADUAL ARISTOFANES FERNANDES;SANTANA DO MATOS;CENTRO;000286936016;BB78868;2602681;SMU-01Y2;-5,95286230;-36,65390890;ASSU;OESTE-SERIDÓ
ESCOLA ESTADUAL MEIRA E SA;SANTANA DO MATOS;CENTRO;000855754711;BB79332;3123195;SMU-01Y2;-5,95603290;-36,65389220;ASSU;OESTE-SERIDÓ
ESCOLA MUNICIPAL FRANCISCA MENDES DA SILVA;SANTANA DO MATOS;ZONA RURAL;000244496016;CA25443;2140471;SMU-01Y4;-5,80845020;-36,70442870;ASSU;OESTE-SERIDÓ
ESCOLA MUNICIPAL JOSÉ FELIX DA SILVA JÚNIOR;SANTANA DO MATOS;ZONA RURAL;000287563019;BF50991;2140178;SMU-01Y5;-5,87263180;-36,43485730;ASSU;OESTE-SERIDÓ
ESCOLA MUNICIPAL LUIZ LIBERALINO DE CARVALHO;SANTANA DO MATOS;ZONA RURAL;000287506015;T01474;3075266;SMU-01Y5;-5,89094780;-36,61070070;ASSU;OESTE-SERIDÓ
ESCOLA MUNICIPAL OSVÁGRIO RODRIGUES;SANTANA DO MATOS;CENTRO;000287156014;BB6771X;3093333;SMU-01Y2;-5,94946410;-36,65274870;ASSU;OESTE-SERIDÓ
ESCOLA MUNICIPAL PROFESSOR LUIZ PEREIRA;SANTANA DO MATOS;ZONA RURAL;000244414010;T01477;3075268;SMU-01Y1;-5,97017260;-36,79023890;ASSU;OESTE-SERIDÓ
ESCOLA MUNICIPAL PROFESSORA MARIA ANTONIA DE LIMA;SANTANA DO MATOS;ZONA RURAL;000851480641;AB09285;2585677;LGS-01L1;-6,10705070;-36,66166710;ASSU;OESTE-SERIDÓ
UNIDADE XVII PROFESSOR ANTONIO CORSINO DE MACEDO;SANTANA DO MATOS;ZONA RURAL;000244492010;U98776;2138242;SMU-01Y4;-5,89969700;-36,68979930;ASSU;OESTE-SERIDÓ
CENTRO DE REFERÊNCIA E ASSISTÊNCIA SOCIAL - CRAS;BARCELONA;CENTRO;000306694014;N04934;3098761;SPG-01P1;-5,95202480;-35,92720780;LITORAL SUL;LITORAL
ESCOLA DE 1 GRAU PEDRO DE AZEVEDO MAIA;BARCELONA;CENTRO;000378037018;P51830;3087449;SPG-01P1;-5,94759980;-35,92630540;LITORAL SUL;LITORAL
ESCOLA ESTADUAL PROF TERTULIANO PINHEIRO FILHO;BARCELONA;CENTRO;000306794019;E10883;2377128;SPG-01P1;-5,95119680;-35,92800440;LITORAL SUL;LITORAL
ESCOLA PROFESSORA IRENE DANTAS DA SILVA;BARCELONA;CENTRO;000306907018;P51858;2420707;SPG-01P1;-5,95017330;-35,93112670;LITORAL SUL;LITORAL
COLEGIO ESTADUAL PREFEITO JOAO EVANGELISTA RIBEIRO;LAGOA DE VELHOS;CENTRO;000318613010;E11595;2420225;ELS-01S3;-6,00527160;-35,87207850;LITORAL SUL;LITORAL
ESCOLA MUNICIPAL SAO SEBASTIAO;LAGOA DE VELHOS;CENTRO;000318613010;E11595;2420225;ELS-01S3;-6,00550520;-35,87226670;LITORAL SUL;LITORAL
ESCOLA MUNICIPAL FELIPE ANDRE BEZERRIL SOUTO;LAGOA D'ANTA;CENTRO;000197934018;P53978;3106381;LGD-01L3;-6,39616170;-35,59376830;LITORAL SUL;LITORAL
ESCOLA MUNICIPAL FRANCISCO NARCISO DA SILVA;LAGOA D'ANTA;CENTRO;000197934018;P53978;3106381;LGD-01L3;-6,39680670;-35,59379500;LITORAL SUL;LITORAL
CENTRO INFANTIL MARIA DIVA DA SILVA;LAGOA DE PEDRAS;CENTRO;007016733401;P33710;2042168;BJN-01N1;-6,15388450;-35,43843590;LITORAL SUL;LITORAL
ESCOLA ESTADUAL AMARO CAVALCANTE;SÃO TOMÉ;CENTRO;000368101010;E12100;3079860;SPG-01P6;-5,97689000;-36,07399180;LITORAL SUL;LITORAL
ESCOLA MUNICIPAL JOSE EUZEBIO FERNANDES BEZERRA;SÃO TOMÉ;CENTRO;000368351016;E12148;3079859;SPG-01P6;-5,97379440;-36,07590070;LITORAL SUL;LITORAL
ESCOLA MUNICIPAL MONSENHOR PEREIRA DA COSTA;SÃO TOMÉ;CENTRO;000368408018;E11984;3096046;SPG-01P6;-5,97643090;-36,07749730;LITORAL SUL;LITORAL
JARDIM ESCOLA BRINCANDO E APRENDENDO;SÃO TOMÉ;CENTRO;000302999015;U72454;3075591;SPG-01P6;-5,97527200;-36,08009320;LITORAL SUL;LITORAL
SERVIÇO DE CONVIVÊNCIA E FORTALECIMENTO DE VÍNCULOS;SÃO TOMÉ;BELA VISTA;000368532010;P54924;2151829;SPG-01P6;-5,97379470;-36,07803430;LITORAL SUL;LITORAL
ESCOLA ESTADUAL SÉRVULO PEREIRA DE ARAÚJO;BODÓ;CENTRO;007010290710;T63521;3078152;LGS-01L2;-5,98788100;-36,41006110;SERIDO;OESTE-SERIDÓ
ESCOLA MUNICIPAL JOSE MARIA DO NASCIMENTO;BODÓ;CENTRO;000266774010;AA37897;225938X;LGS-01L2;-5,98730880;-36,41315590;SERIDO;OESTE-SERIDÓ
CENTRO EDUCACIONAL RODRIGUES NETO;CERRO CORÁ;CENTRO;000406389014;GD2596;3124821;LGS-01L3;-6,04679960;-36,34786270;SERIDO;OESTE-SERIDÓ
ESCOLA ESTADUAL QUERUBINA SILVEIRA;CERRO CORÁ;CENTRO;000406085015;AA35727;2234517;LGS-01L3;-6,04653850;-36,34558510;SERIDO;OESTE-SERIDÓ
ESCOLA MUNICIPAL BELMIRA VIANA;CERRO CORÁ;TANCREDO NEVES;000457974019;AA36715;2377856;LGS-01L3;-6,03006390;-36,34868900;SERIDO;OESTE-SERIDÓ
ESCOLA MUNICIPAL SEBASTIANA ALVES NÔGA;CERRO CORÁ;CENTRO;000406225011;AA35418;3075687;LGS-01L3;-6,04871770;-36,35126170;SERIDO;OESTE-SERIDÓ
CER II APAE;CURRAIS NOVOS;JK;000426638010;O34426;3122686;CRU-01C1;-6,25381390;-36,52022890;SERIDO;OESTE-SERIDÓ
ESCOLA ESTADUAL CAPITAO MOR GALVAO;CURRAIS NOVOS;GILBERTO PINHEIRO;000460081017;V11022;3123846;CRU-01C5;-6,26632130;-36,51704960;SERIDO;OESTE-SERIDÓ
ESCOLA ESTADUAL DE ENS MEDIO EM TEMPO INTEGRAL TRISTAO DE BARROS;CURRAIS NOVOS;CENTRO;007015993264;V07698;3093795;CRU-01C5;-6,26564770;-36,51234730;SERIDO;OESTE-SERIDÓ
ESCOLA ESTADUAL ESTER GALVAO;CURRAIS NOVOS;JK;000460121019;V06804;3093799;CRU-01C1;-6,25181670;-36,52214170;SERIDO;OESTE-SERIDÓ
ESCOLA ESTADUAL SILVIO BEZERRA;CURRAIS NOVOS;JK;000852411252;V00224;2434196;CRU-01C1;-6,25455000;-36,51921480;SERIDO;OESTE-SERIDÓ
ESCOLA MUNICIPAL AUSONIO ARAUJO;CURRAIS NOVOS;JK;000852411252;V00224;2434196;CRU-01C1;-6,25436120;-36,51959690;SERIDO;OESTE-SERIDÓ
ESCOLA MUNICIPAL CIPRIANO LOPES GALVAO;CURRAIS NOVOS;ZONA RURAL;;;17445;CRU-01C1;-6,20275270;-36,56695020;SERIDO;OESTE-SERIDÓ
ESCOLA MUNICIPAL DE NOSSA SENHORA;CURRAIS NOVOS;CENTRO;000398642015;GD1392;3072378;CRU-01C5;-6,26399660;-36,51262400;SERIDO;OESTE-SERIDÓ
ESCOLA MUNICIPAL FRANCISCO L GOMES DE ASSIS;CURRAIS NOVOS;SANTA MARIA GORETTI;000388885017;AA10849;3127502;CRU-01C4;-6,25708500;-36,51926330;SERIDO;OESTE-SERIDÓ
ESCOLA MUNICIPAL JUSTINO DANTAS;CURRAIS NOVOS;ZONA RURAL;000428976010;AB19204;2234171;CRU-01C5;-6,25010140;-36,38199800;SERIDO;OESTE-SERIDÓ
ESCOLA MUNICIPAL PROF FRANCISCO ROSA;CURRAIS NOVOS;GILBERTO PINHEIRO;000423531010;GD2600;3085698;CRU-01C5;-6,26815500;-36,51704330;SERIDO;OESTE-SERIDÓ
ESCOLA MUNICIPAL PROF. SALUSTIANO MEDEIROS;CURRAIS NOVOS;CENTRO;007018891993;AA11528;1897755;CRU-01C5;-6,26004320;-36,51512150;SERIDO;OESTE-SERIDÓ
ESCOLA MUNICIPAL PROFA TRINDADE CAMPELO;CURRAIS NOVOS;SILVIO BEZERRA;000399033012;AA25970;3076187;CRU-01C2;-6,27103040;-36,52822850;SERIDO;OESTE-SERIDÓ
ESCOLA MUNICIPAL PROFESSOR HUMBERTO GAMA;CURRAIS NOVOS;CENTRO;000460081017;V11022;3123846;CRU-01C5;-6,26596020;-36,51676570;SERIDO;OESTE-SERIDÓ
ESCOLA MUNICIPAL SOCORRO AMARAL;CURRAIS NOVOS;PAIZINHO MARIA;000388240016;AA03627;2661773;CRU-01C5;-6,25892120;-36,50696630;SERIDO;OESTE-SERIDÓ
INSTITUTO VIVALDO PEREIRA;CURRAIS NOVOS;CENTRO;000460117011;V11132;3124259;CRU-01C5;-6,25645290;-36,51314000;SERIDO;OESTE-SERIDÓ
ESCOLA ESTADUAL ANGELITA FELIX BEZERRA;LAGOA NOVA;BERNARDINA BEZERRA DE SENA;000855124335;V10639;3120449;LGS-01L4;-6,09326220;-36,47546230;SERIDO;OESTE-SERIDÓ
ESCOLA ESTADUAL MANOEL LUIS DE MARIA;LAGOA NOVA;CENTRO;000400685010;AA55078;3122737;LGS-01L4;-6,09764010;-36,46905980;SERIDO;OESTE-SERIDÓ
ESCOLA MUNICIPAL ADALGISA AMORIM BEZERRA;LAGOA NOVA;CENTRO;000451062018;AA56401;3080218;LGS-01L4;-6,09407730;-36,46853820;SERIDO;OESTE-SERIDÓ
ESCOLA MUNICIPAL DOM JOSÉ DELGADO;LAGOA NOVA;ZONA RURAL;000451293010;O55273;2301635;LGS-01L1;-6,10971170;-36,58831170;SERIDO;OESTE-SERIDÓ
ESCOLA MUNICIPAL JOÃO XXIII;LAGOA NOVA;CENTRO;000400722013;AA55481;2286214;LGS-01L4;-6,09582860;-36,46954650;SERIDO;OESTE-SERIDÓ
ESCOLA ESTADUAL CEL SILVINO BEZERRA;FLORÂNIA;PAZ E AMOR;000414886019;R97641;3074766;JCT-01N3;-6,12432330;-36,81421830;SERIDO;OESTE-SERIDÓ
ESCOLA ESTADUAL TEONIA AMARAL;FLORÂNIA;PAZ E AMOR;000415086016;M87071;2614126;JCT-01N3;-6,12411830;-36,81274170;SERIDO;OESTE-SERIDÓ
ESCOLA MUNICIPAL APRIGIO SOARES;FLORÂNIA;ZONA RURAL;007005309136;U38537;2296154;SMU-01Y3;-6,05517500;-36,78226000;SERIDO;OESTE-SERIDÓ
ESCOLA MUNICIPAL FRANCISCA LEONISIA DA CRUZ;FLORÂNIA;ZONA RURAL;000851506292;PY07291;3081565;SMU-01Y3;-6,06009510;-36,73687920;SERIDO;OESTE-SERIDÓ
ESCOLA MUNICIPAL MACARIA GIFFONI;FLORÂNIA;RAINHA DO PRADO;000449077016;T29505;2064464;JCT-01N3;-6,11957330;-36,80781610;SERIDO;OESTE-SERIDÓ
ESCOLA ESTADUAL ARISTOFANES FERNANDES;SÃO VICENTE;CENTRO;000416133018;AA14246;3105095;CRU-01C2;-6,21848520;-36,68204820;SERIDO;OESTE-SERIDÓ
ESCOLA ESTADUAL JOAQUIM ADELINO DE MEDEIROS;SÃO VICENTE;CENTRO;000416133018;AA14246;3105095;CRU-01C2;-6,21907330;-36,68201670;SERIDO;OESTE-SERIDÓ
ESCOLA MUNICIPAL FRANCISCA PIRES DE ALBUQUERQUE;SÃO VICENTE;CENTRO;000415642016;AA14141;1515918;CRU-01C2;-6,21745170;-36,68234000;SERIDO;OESTE-SERIDÓ
ESCOLA MUNICIPAL INACIO FELIX DE MELO;SÃO VICENTE;ZONA RURAL;007024670168;AA72046;230195X;LGS-01L1;-6,12598840;-36,66611170;SERIDO;OESTE-SERIDÓ
ESCOLA ESTADUAL PADRE SINVAL LAURENTINO;TENENTE LAURENTINO CRUZ;CENTRO;007006042958;R92929;3073762;LGS-01L1;-6,14940630;-36,71659180;SERIDO;OESTE-SERIDÓ
ESCOLA MUNICIPAL SENHORA SANTANA;TENENTE LAURENTINO CRUZ;CENTRO;000415153015;AA69981;3071343;LGS-01L1;-6,14632040;-36,72028230;SERIDO;OESTE-SERIDÓ
EEPIBA - ESCOLA ESTADUAL PROFESSORA IRACEMA BRANDÃO;ACARI;PADRE JOSE DANTAS CORTEZ;000460188016;AB07838;3091665;ACR-01Z4;-6,42817470;-36,64002010;SERIDO;OESTE-SERIDÓ
ESCOLA MUNICIPAL TEREZINHA DE LOURDES GALVAO;ACARI;MAJOR ARY DE PINHO;000389254010;MG7361;3076455;ACR-01Z4;-6,43218010;-36,63885490;SERIDO;OESTE-SERIDÓ
INSTITUTO MUNICIPAL JOÃO CANDIDO FILHO;CARNAÚBA DOS DANTAS;CENTRO;000456854010;GD1398;3073018;ACR-01Z1;-6,55655880;-36,59262150;SERIDO;OESTE-SERIDÓ
ESCOLA MUNICIPAL ANA ASSIS DE MEDEIROS;CRUZETA;NOVO HORIZONTE;000454602013;AB41308;3096401;ACR-01Z3;-6,41413920;-36,78450730;SERIDO;OESTE-SERIDÓ
ESCOLA MUNICIPAL CÔNEGO AMBRÓSIO SILVA (EMCAS);CRUZETA;CENTRO;000460399017;AA83985;3121965;ACR-01Z3;-6,41210930;-36,78870280;SERIDO;OESTE-SERIDÓ
CENTRO MUNICIPAL DE EDUCAÇÃO INFANTIL MARIA DE MEDEIROS DANTAS;SÃO JOSÉ DO SERIDÓ;CENTRO;007006430451;V04887;3070701;ICC-01M2;-6,45149270;-36,88047760;SERIDO;OESTE-SERIDÓ
CRECHE MODELO FRANCISCA DA GUIA DE MEDEIROS COSTA (NEI);JARDIM DO SERIDÓ;BAIXA DA BELEZA;007023424007;O21663;3118450;JSR-01S3;-6,59542180;-36,77913610;SERIDO;OESTE-SERIDÓ
ESCOLA MUNICIPAL PROFESSORA MARIA DE LOURDES;JARDIM DO SERIDÓ;COMISSAO;000446463012;AB66558;3074824;JSR-01S1;-6,59436770;-36,77575210;SERIDO;OESTE-SERIDÓ
ESCOLA MUNICIPAL PROFESSORA ZÉLIA COSTA DA CUNHA;JARDIM DO SERIDÓ;BELA VISTA;000460464013;MG2570;3070110;JSR-01S1;-6,58003760;-36,77258410;SERIDO;OESTE-SERIDÓ
CRECHE KLEYSE MEDEIROS DE ARAÚJO (CMEI);OURO BRANCO;CASTELO DOS MONTES;000854677748;M27077;3069716;JSR-01S3;-6,70894830;-36,94417480;SERIDO;OESTE-SERIDÓ
ANEXO DO PADRE RAFAEL (ANTIGA CRECHE - ESCOLA DOS LÁPIS);SÃO FERNANDO;CENTRO;000396699010;AF64165;3071160;JPR-01J6;-6,37993050;-37,18659630;SERIDO;OESTE-SERIDÓ
CASA DA CULTURA POPULAR - PALÁCIO ELINO JULIÃO;TIMBAÚBA DOS BATISTAS;CENTRO;000397954013;AF49126;3088550;CCO-01Z7;-6,46497520;-37,27274210;SERIDO;OESTE-SERIDÓ
CENTRO MUNICIPAL DE EDUCAÇÃO INFANTIL PROF.ª MARIA DE FÁTIMA DÉRICK;EQUADOR;CENTRO;000396114011;AC54764;3074816;PLH-01P2;-6,94544862;-36,71602011;SERIDO;OESTE-SERIDÓ
ESCOLA ESTADUAL PROFESSORA ISABEL FERREIRA;EQUADOR;CENTRO;000396114011;AC54764;3074816;PLH-01P2;-6,94569158;-36,71609807;SERIDO;OESTE-SERIDÓ
ESCOLA MUNICIPAL PRESIDENTE COSTA E SILVA;EQUADOR;CENTRO;000460695015;AC70812;3070551;PLH-01P2;-6,94689677;-36,71466059;SERIDO;OESTE-SERIDÓ
CENTRO EDUCACIONAL TEREZINHA DE OLIVEIRA CASTRO;PARELHAS;MARIA TERCEIRA;000431797011;AB80504;3069290;PLH-01P4;-6,69466840;-36,65782850;SERIDO;OESTE-SERIDÓ
ESCOLA COOPERATIVA DE PARELHAS;PARELHAS;CRUZ DO MONTE;000430784013;AB22730;2304704;PLH-01P3;-6,69040210;-36,66166080;SERIDO;OESTE-SERIDÓ
ESCOLA ESTADUAL BARAO DO RIO BRANCO;PARELHAS;CENTRO;000390624018;O97792;3072354;PLH-01P4;-6,68808588;-36,65556587;SERIDO;OESTE-SERIDÓ
ESCOLA ESTADUAL BERNARDINO DE SENA SILVA;PARELHAS;ZONA RURAL;000390930011;AC35390;3073912;PLH-01P1;-6,62170960;-36,61907180;SERIDO;OESTE-SERIDÓ
ESCOLA ESTADUAL MANOEL NOBERTO;PARELHAS;ZONA RURAL;000390994010;AB24518;3089897;PLH-01P1;-6,60584040;-36,57632960;SERIDO;OESTE-SERIDÓ
ESCOLA ESTADUAL MONSENHOR AMANCIO RAMALHO;PARELHAS;MARIA TERCEIRA;000432359018;AC02035;2234119;PLH-01P4;-6,69602143;-36,65876753;SERIDO;OESTE-SERIDÓ
ESCOLA MUNICIPAL ARNALDO BEZERRA;PARELHAS;CENTRO;000431283018;AC01340;3069023;PLH-01P4;-6,69113170;-36,65587040;SERIDO;OESTE-SERIDÓ
ESCOLA MUNICIPAL DOM JOSE DELGADO;PARELHAS;CRUZ DO MONTE;000432460010;AB22877;3081350;PLH-01P3;-6,69373680;-36,66304340;SERIDO;OESTE-SERIDÓ
ESCOLA MUNICIPAL VEREADOR INACIO MIRANDA DOS SANTOS;PARELHAS;SAO SEBASTIAO;000390084013;AC05738;3072352;PLH-01P4;-6,68055901;-36,65436408;SERIDO;OESTE-SERIDÓ
POSTO DE SAÚDE MÃE MARIA;PARELHAS;ZONA RURAL;000431189011;AC83088;2304023;PLH-01P5;-6,80343739;-36,58331071;SERIDO;OESTE-SERIDÓ
UNIDADE ESCOLAR JOSÉ ADONIS;PARELHAS;ZONA RURAL;000556006016;T05784;3104145;PLH-01P1;-6,62722670;-36,68030500;SERIDO;OESTE-SERIDÓ
CENTRO DE MÚLTIPLO USO SEVERINO VALDEVINO DE MACEDO;SANTANA DO SERIDÓ;ZONA RURAL;007018459064;AD05019;2286900;PLH-01P2;-6,74355630;-36,71809280;SERIDO;OESTE-SERIDÓ
CRECHE CASULO JOSE BEZERRA DA LUZ;SANTANA DO SERIDÓ;ZONA RURAL;000854150766;AD07983;228655X;PLH-01P1;-6,66552820;-36,73792500;SERIDO;OESTE-SERIDÓ
ESCOLA ESTADUAL JOAO VILAR DA CUNHA;SANTANA DO SERIDÓ;CENTRO;000418630019;AC60715;3072342;PLH-01P2;-6,77056230;-36,73370000;SERIDO;OESTE-SERIDÓ
ESCOLA MUNICIPAL ANTONIO BASILIO;SANTANA DO SERIDÓ;CENTRO;;;21607;PLH-01P2;-6,76852860;-36,73093030;SERIDO;OESTE-SERIDÓ
CÂMARA MUNICIPAL DE CAICÓ;CAICÓ;CENTRO;000436339011;K07917;1943896;CCO-01Z3;-6,45759050;-37,09613690;SERIDO;OESTE-SERIDÓ
CENTRO DE EDUCACAO DE JOVENS E ADULTOS SENADOR GUERRA;CAICÓ;CENTRO;007020810488;K05801;3112578;CCO-01Z2;-6,46196490;-37,09408740;SERIDO;OESTE-SERIDÓ
CENTRO DE ENSINO SUPERIOR DO SERIDO;CAICÓ;PENEDO;000394117013;J07529;2009927;ICC-01M1;-6,46860290;-37,08440830;SERIDO;OESTE-SERIDÓ
CENTRO EDUCACIONAL JOSE AUGUSTO;CAICÓ;PENEDO;000460534011;V10698;3121033;ICC-01M1;-6,46314830;-37,09162830;SERIDO;OESTE-SERIDÓ
ESCOLA ESTADUAL ANTONIO ALADIM DE ARAUJO;CAICÓ;BOA PASSAGEM;000438036016;P08533;629366X;CCO-01Z6;-6,44937990;-37,09558440;SERIDO;OESTE-SERIDÓ
ESCOLA ESTADUAL FRANCISCO PERGENTINO DE ARAUJO;CAICÓ;ZONA RURAL;000438900012;BA93863;2392759;CCO-01Z4;-6,25029500;-37,05302330;SERIDO;OESTE-SERIDÓ
ESCOLA ESTADUAL JOAQUIM GUEDES CORREIA GONDIM NETO;CAICÓ;ZONA RURAL;000460599016;M13259;3098435;CCO-01Z5;-6,49903170;-37,14916830;SERIDO;OESTE-SERIDÓ
ESCOLA ESTADUAL MANOEL PATRICIO DE FIGUEIREDO;CAICÓ;ZONA RURAL;000438962018;AF89106;66780X;ICC-01M5;-6,65419000;-37,04716330;SERIDO;OESTE-SERIDÓ
ESCOLA ESTADUAL MONSENHOR WALFREDO GURGEL;CAICÓ;PARAIBA;000850138958;K06079;3124502;ICC-01M3;-6,47021260;-37,09448910;SERIDO;OESTE-SERIDÓ
ESCOLA ESTADUAL PROFA CALPURNIA C DE AMORIM;CAICÓ;BARRA NOVA;000000910015;V10908;3123024;CCO-01Z6;-6,46026000;-37,10265330;SERIDO;OESTE-SERIDÓ
ESCOLA ESTADUAL SENADOR DINARTE MARIZ;CAICÓ;PAULO VI;000810932015;J07681;2014785;CCO-01Z6;-6,46731830;-37,10968500;SERIDO;OESTE-SERIDÓ
ESCOLA ESTADUAL ZUZA JANUARIO;CAICÓ;BARRA NOVA;000440319017;O75016;3130146;CCO-01Z6;-6,45931550;-37,10697170;SERIDO;OESTE-SERIDÓ
ESCOLA MUNICIPAL AUTA DE SOUZA;CAICÓ;BARRA NOVA;000440395015;K07401;2422903;CCO-01Z6;-6,45791030;-37,10721670;SERIDO;OESTE-SERIDÓ
ESCOLA MUNICIPAL IVANOR PEREIRA;CAICÓ;SOLEDADE;000705727015;P08796;1338004;ICC-01M3;-6,47387360;-37,10342340;SERIDO;OESTE-SERIDÓ
ESCOLA MUNICIPAL MARIA BERNADETE MARQUES GINANE;CAICÓ;RECREIO;000438739017;P08920;1423199;CCO-01Z5;-6,44523000;-37,09944000;SERIDO;OESTE-SERIDÓ
ESCOLA MUNICIPAL PRESIDENTE KENNEDY;CAICÓ;CENTRO;000002472015;P08577;290517X;CCO-01Z3;-6,45845500;-37,09637330;SERIDO;OESTE-SERIDÓ
ESCOLA MUNICIPAL PROF. RAIMUNDO GUERRA;CAICÓ;ALTO DA BOA VISTA;000438590013;P08052;3096370;CCO-01Z4;-6,43708500;-37,08665000;SERIDO;OESTE-SERIDÓ
ESCOLA MUNICIPAL PROFESSOR MATEUS VIANA;CAICÓ;JOAO XXIII;000458502013;K07593;2182930;CCO-01Z6;-6,46605000;-37,10407670;SERIDO;OESTE-SERIDÓ
ESCOLA MUNICIPAL SEVERINA BRITO DA SILVA;CAICÓ;SAMANAU;000438414010;K05044;1412428;CCO-01Z1;-6,44380170;-37,08156830;SERIDO;OESTE-SERIDÓ
ESCOLA MUNICIPAL SEVERINA ERNESTINA ABIGAIL;CAICÓ;ZONA RURAL;000393337010;L74097;3071845;ICC-01M4;-6,48262570;-37,06186660;SERIDO;OESTE-SERIDÓ
ESCOLA MUNICIPAL UNID XVIII ESCOLA DONA EUÁLIA QUILIDÔNIA DE ARAÚJO;CAICÓ;ZONA RURAL;000441283016;BA95724;3098428;CCO-01Z5;-6,49776050;-37,16700510;SERIDO;OESTE-SERIDÓ
SESC CAICÓ;CAICÓ;BOA PASSAGEM;000438036016;P08533;629366X;CCO-01Z6;-6,44935870;-37,09540080;SERIDO;OESTE-SERIDÓ
UNIVERSIDADE ESTADUAL DO RIO GRANDE DO NORTE-UERN(CAMP AVANÇADO CAICÓ);CAICÓ;PARAIBA;000435514014;J07896;236549;CCO-01Z3;-6,46522170;-37,09930000;SERIDO;OESTE-SERIDÓ
ESCOLA ESTADUAL JOÃO ALENCAR DE MEDEIROS;IPUEIRA;CENTRO;000421240019;AF94797;3107479;ICC-01M4;-6,81719500;-37,19819330;SERIDO;OESTE-SERIDÓ
CASA DE CULTURA POETA CHICO PEDRA;JARDIM DE PIRANHAS;CENTRO;000453180018;AF60642;2072700;JPR-01J3;-6,38143950;-37,35143760;SERIDO;OESTE-SERIDÓ
CRECHE MUNICIPAL SANTA MÔNICA;JARDIM DE PIRANHAS;SÃO JOSÉ;000397654010;AF62084;3116651;JPR-01J4;-6,37881170;-37,34694500;SERIDO;OESTE-SERIDÓ
ESCOLA ESTADUAL AMARO CAVALCANTI;JARDIM DE PIRANHAS;SANTA CECÍLIA;000851867635;V08696;3103556;JPR-01J4;-6,37803670;-37,34351500;SERIDO;OESTE-SERIDÓ
ESCOLA ESTADUAL MACHADO DE ASSIS;JARDIM DE PIRANHAS;CENTRO;000453180018;AF60642;2072700;JPR-01J3;-6,38137650;-37,35056380;SERIDO;OESTE-SERIDÓ
ESCOLA MUNICIPAL MARIA DE NAZARETH;JARDIM DE PIRANHAS;SÃO JOSÉ;000397654010;AF62084;3116651;JPR-01J4;-6,37885180;-37,34687210;SERIDO;OESTE-SERIDÓ
ESCOLA MUNICIPAL MARINHEIRO SALDANHA;JARDIM DE PIRANHAS;CENTRO;000453180018;AF60642;2072700;JPR-01J3;-6,38136220;-37,35126180;SERIDO;OESTE-SERIDÓ
ESCOLA ESTADUAL SANTA TEREZINHA;SÃO JOÃO DO SABUGI;BELO HORIZONTE;000405045010;AF22041;3094868;ICC-01M4;-6,71172000;-37,20307830;SERIDO;OESTE-SERIDÓ
ESCOLA ESTADUAL SENADOR JOSE BERNARDO;SÃO JOÃO DO SABUGI;CENTRO;000405065010;AF12761;3129346;ICC-01M4;-6,71784770;-37,20384730;SERIDO;OESTE-SERIDÓ
ESCOLA MUNICIPAL PADRE JOAQUIM FÉLIX;SÃO JOÃO DO SABUGI;CENTRO;000405842017;AF93290;3071158;ICC-01M4;-6,72094790;-37,20173520;SERIDO;OESTE-SERIDÓ
ESCOLA ESTADUAL PROFESSOR LEOMAR BATISTA DE ARAÚJO;SERRA NEGRA DO NORTE;CENTRO;000406890015;AF91618;3121977;CCO-01Z4;-6,66940650;-37,39785460;SERIDO;OESTE-SERIDÓ
ESCOLA MUNICIPAL ARTHÉPHIO BEZERRA DA CUNHA;SERRA NEGRA DO NORTE;CENTRO;000407305019;AF12159;3119975;CCO-01Z4;-6,66645940;-37,39901900;SERIDO;OESTE-SERIDÓ
ESCOLA MUNICIPAL CORONEL MARIZ;SERRA NEGRA DO NORTE;CENTRO;000407262018;AF12028;3127359;CCO-01Z4;-6,66771810;-37,39841250;SERIDO;OESTE-SERIDÓ
CENTRO EDUCACIONAL SÃO MIGUEL;JUCURUTU;CENTRO;000261939010;PY15809;1560777;JCT-01N1;-6,03559350;-37,01868490;SERIDO;OESTE-SERIDÓ
ESCOLA ESTADUAL ANTONIO BATISTA;JUCURUTU;CENTRO;000261939010;PY15809;1560777;JCT-01N1;-6,03501800;-37,01886760;SERIDO;OESTE-SERIDÓ
ESCOLA ESTADUAL JANUNCIO AFONSO;JUCURUTU;ZONA RURAL;007020203646;U68597;3111711;JCT-01N2;-6,15722370;-37,10526110;SERIDO;OESTE-SERIDÓ
ESCOLA ESTADUAL MARIA DAS GRAÇAS DA SILVA GERMANO;JUCURUTU;ZONA RURAL;000283522016;N12762;2635984;JCT-01N4;-6,02267130;-36,90660780;SERIDO;OESTE-SERIDÓ
ESCOLA MUNICIPAL JOEL LOPES;JUCURUTU;SANTA IZABEL;000283706010;BB36189;X278657;JCT-01N1;-6,04210920;-37,02516480;SERIDO;OESTE-SERIDÓ
ESCOLA MUNICIPAL PROFESSORA VALDEMIR FERNANDES DE MEDEIROS;JUCURUTU;BELA VISTA;000261643014;BB13528;945598;JCT-01N1;-6,03273330;-37,01672440;SERIDO;OESTE-SERIDÓ
ESCOLA MUNICIPAL SANTO ALEXANDRE;JUCURUTU;FREITAS;000284238010;BA78012;3097881;JCT-01N4;-6,02541830;-37,01213380;SERIDO;OESTE-SERIDÓ
ESCOLA MUNICIPAL WAGNER LOPES DE MEDEIROS;JUCURUTU;SANTA IZABEL;007015241793;V08375;3098760;JCT-01N1;-6,04220300;-37,02589920;SERIDO;OESTE-SERIDÓ
ESCOLA NEWMAN QUEIROZ;JUCURUTU;BELA VISTA;000854950274;V08902;3105302;JCT-01N1;-6,03269030;-37,01477740;SERIDO;OESTE-SERIDÓ
UNIVERSIDADE INFANTIL RITA MEDEIROS;JUCURUTU;SEVERINA LOPES;007005640703;V05828;3077304;JCT-01N1;-6,05135160;-37,02714960;SERIDO;OESTE-SERIDÓ
CENTRO MUNICIPAL DE EDUCAÇÃO INFANTIL LUÍZA MARTINS GONDIM;SÃO RAFAEL;CENTRO;000277887010;BB83270;2351529;IAJ-01J1;-5,79941950;-36,88176770;ASSU;OESTE-SERIDÓ
ESCOLA ESTADUAL PROFESSORA CLAUDECI PINHEIRO TORRES;SÃO RAFAEL;CENTRO;000280921017;BB76148;65694X;IAJ-01J1;-5,80478730;-36,88901170;ASSU;OESTE-SERIDÓ
ESCOLA MUNICIPAL FRANCISCO DE ASSIS DE SOUZA;SÃO RAFAEL;CENTRO;000278200019;BB81320;2140246;IAJ-01J1;-5,80099970;-36,88603370;ASSU;OESTE-SERIDÓ
ESCOLA MUNICIPAL FRANCISCO PINHEIRO DA SILVA;SÃO RAFAEL;CENTRO;000277934019;BB8174X;248614X;IAJ-01J1;-5,79896370;-36,88852540;ASSU;OESTE-SERIDÓ
CAMPUS AVANCADO DO ASSU (UERN);ASSÚ;CENTRO;000742002012;BD22049;3109029;ACU-01Z6;-5,57379830;-36,90928330;ASSU;OESTE-SERIDÓ
CENTRO ESTADUAL DE EDUCAÇÃO PROFISSIONAL PROF GILMAR RODRIGUES DE LIMA;ASSÚ;ZONA RURAL;007019012217;V07693;3113324;ACU-01Z3;-5,50517950;-36,91086970;ASSU;OESTE-SERIDÓ
COMPLEXO EDUCACIONAL SANTO ANDRÉ;ASSÚ;NOVO HORIZONTE;007017457343;V06340;3081709;ACU-01Z6;-5,57434020;-36,91529670;ASSU;OESTE-SERIDÓ
DEGRAU COLÉGIO E CURSO;ASSÚ;CENTRO;000246099014;R10746;3086128;ACU-01Z6;-5,57619830;-36,90531000;ASSU;OESTE-SERIDÓ
EDUCANDARIO NOSSA SENHORA DAS VITORIAS;ASSÚ;CENTRO;000622594013;MG3996;1811112;ACU-01Z6;-5,57677000;-36,90772500;ASSU;OESTE-SERIDÓ
ESCOLA ESTADUAL JUSCELINO KUBITSCHEK;ASSÚ;DOM ELISEU;000270967019;BC20301;3073172;ACU-01Z6;-5,57624000;-36,91308500;ASSU;OESTE-SERIDÓ
ESCOLA ESTADUAL MANOEL PESSOA MONTENEGRO;ASSÚ;CENTRO;000269192011;BC19170;2480221;ACU-01Z6;-5,58095000;-36,91031000;ASSU;OESTE-SERIDÓ
ESCOLA ESTADUAL MARCOS ALBERTO DE SA LEITAO;ASSÚ;NOVO HORIZONTE;000851893407;BD23063;3108210;ACU-01Z5;-5,57120850;-36,91517290;ASSU;OESTE-SERIDÓ
ESCOLA ESTADUAL TENENTE CORONEL JOSÉ CORREIA;ASSÚ;CENTRO;000289021019;V08490;3100503;ACU-01Z6;-5,57553830;-36,91081170;ASSU;OESTE-SERIDÓ
ESCOLA MUNICIPAL COMUNITÁRIA BELA VISTA;ASSÚ;LAGOA DO FERREIRO;007000296796;T80618;3086345;ACU-01Z5;-5,56044000;-36,91666000;ASSU;OESTE-SERIDÓ
ESCOLA MUNICIPAL DE JANDUIS;ASSÚ;CONJUNTO DA COHAB;000272955018;L44273;3094081;ACU-01Z1;-5,57601330;-36,92234950;ASSU;OESTE-SERIDÓ
ESCOLA MUNICIPAL DEPUTADO EDGARD BORGES MONTENEGRO;ASSÚ;FAROL;007003058250;O03705;3117515;ACU-01Z7;-5,60150330;-36,90477330;ASSU;OESTE-SERIDÓ
ESCOLA MUNICIPAL HERMENEGILDO BEZERRA DE OLIVEIRA (PALHEIROS);ASSÚ;ZONA RURAL;007002717284;GD0689;2664879;ACU-01Z7;-5,52716190;-37,10346440;ASSU;OESTE-SERIDÓ
ESCOLA MUNICIPAL MANOEL CORTEZ (PANON II);ASSÚ;ZONA RURAL;007000289803;L23764;2191966;EST-01S1;-5,42844780;-36,88961390;ASSU;OESTE-SERIDÓ
ESCOLA MUNICIPAL MARIA VILMA LEMOS (LINDA FLOR);ASSÚ;ZONA RURAL;007000901894;BD5324X;3083970;EST-01S1;-5,49447670;-36,90843330;ASSU;OESTE-SERIDÓ
ESCOLA MUNICIPAL MATHEUS DA ROCHA (TRAPIÁ);ASSÚ;ZONA RURAL;007000371615;L40954;3093480;ACU-01Z7;-5,37775070;-37,10265750;ASSU;OESTE-SERIDÓ
ESCOLA MUNICIPAL MONSENHOR AMÉRICO VESPÚCIO SIMONETTI;ASSÚ;DOM ELISEU;007008247883;V06073;3079359;ACU-01Z6;-5,57793000;-36,91806000;ASSU;OESTE-SERIDÓ
ESCOLA MUNICIPAL MONSENHOR JÚLIO ALVES BEZERRA (NOVA ESPERANÇA);ASSÚ;ZONA RURAL;007002198953;L76979;3175507;EST-01S1;-5,44196000;-36,89340330;ASSU;OESTE-SERIDÓ
ESCOLA MUNICIPAL PROFESSORA MARIA NEUDA BEZERRA;ASSÚ;PARATI 2000;000854113399;N62205;2472619;ACU-01Z1;-5,58764330;-36,93676500;ASSU;OESTE-SERIDÓ
ESCOLA MUNICIPAL SEBASTIÃO ALVES MARTINS (RIACHO);ASSÚ;ZONA RURAL;000247125019;BF33672;3102130;ACU-01Z7;-5,73201830;-37,04283330;ASSU;OESTE-SERIDÓ
ESCOLA MUNICIPAL SENADOR GEORGINO AVELINO - BELA VISTA;ASSÚ;ZONA RURAL;007000296796;T80618;3086345;ACU-01Z5;-5,56054478;-36,91663095;ASSU;OESTE-SERIDÓ
ESCOLA ESTADUAL JOAO TOMAZ NETO;LAGOA DE PEDRAS;CENTRO;000193313019;O41924;3124058;BJN-01N1;-6,15052170;-35,43754170;LITORAL SUL;LITORAL
CENTRO DE EDUCAÇÃO INFANTIL MARIA DO SOCORRO MELO PEDRO;GUAMARÉ;BAIXA DO MEIO;000763176010;BD34630;2032139;GMR-01Y2;-5,25233280;-36,35680040;ASSU;OESTE-SERIDÓ
CENTRO EDUCACIONAL BENVINDA NUNES TEIXEIRA;GUAMARÉ;CENTRO;000327834010;GD10302;117185X;GMR-01Y1;-5,10747000;-36,32028330;ASSU;OESTE-SERIDÓ
ESCOLA ESTADUAL MONSENHOR JOAQUIM HONÓRIO;GUAMARÉ;CENTRO;000327831011;BD10866;3119393;GMR-01Y1;-5,10749480;-36,31927380;ASSU;OESTE-SERIDÓ
ESCOLA ESTADUAL NADIA MARIA CAMARA;GUAMARÉ;BAIXA DO MEIO;000851899065;V00021;2376501;GMR-01Y2;-5,25269860;-36,35362340;ASSU;OESTE-SERIDÓ
ESCOLA MUNICIPAL MONSENHOR JOSE TIBURCIO;GUAMARÉ;LAGOA SECA;000775255013;T30873;3102128;GMR-01Y1;-5,13690280;-36,31408160;ASSU;OESTE-SERIDÓ
ESCOLA MUNICIPAL ANTONIO THEODORICO;GUAMARÉ;ZONA RURAL;000775145013;T94869;3078710;GMR-01Y1;-5,11506180;-36,35908140;ASSU;OESTE-SERIDÓ
ESCOLA MUNICIPAL JOSE NUNES DA SILVEIRA;GUAMARÉ;LAGOA DE BAIXO;000723607019;BE73116;1935968;GMR-01Y2;-5,15566330;-36,37935150;ASSU;OESTE-SERIDÓ
ESCOLA MUNICIPAL PEDRO GUILHERME;GUAMARÉ;LAGOA DOCE;000775857013;BE66842;2030854;GMR-01Y1;-5,12883640;-36,42504620;ASSU;OESTE-SERIDÓ
ESCOLA MUNICIPAL PROFESSORA FRANCISCA FREIRE;GUAMARÉ;CENTRO;000327927019;BD32722;2032008;GMR-01Y1;-5,11044830;-36,32553330;ASSU;OESTE-SERIDÓ
ESCOLA MUNICIPAL PROFESSORA MARIA MADALENA DA SILVA;GUAMARÉ;BAIXA DO MEIO;000328446014;O12195;2032186;GMR-01Y2;-5,25632810;-36,35411550;ASSU;OESTE-SERIDÓ
ESCOLA MUNICIPAL PROFESSORA SEBASTIANA RICARDO DOS SANTOS;GUAMARÉ;BAIXA DO MEIO;000775784016;BD33951;1929399;GMR-01Y2;-5,25835620;-36,34890160;ASSU;OESTE-SERIDÓ
CENTRO DE EDUCAÇÃO INTEGRADO MONSENHOR HONÓRIO;MACAU;CENTRO;000346247010;T83370;3090979;MCA-01Z4;-5,11555850;-36,63160040;ASSU;OESTE-SERIDÓ
CENTRO MUNICIPAL DE EDUCAÇÃO INFANTIL PROFESSORA JOANA SAMPAIO MARINHO;MACAU;PORTO SAO PEDRO;000346785012;BD29966;2426285;MCA-01Z4;-5,11234380;-36,63193430;ASSU;OESTE-SERIDÓ
ESCOLA ESTADUAL DUQUE DE CAXIAS;MACAU;CENTRO;000377878019;U76728;3112608;MCA-01Z3;-5,11709000;-36,63313080;ASSU;OESTE-SERIDÓ
ESCOLA ESTADUAL PROFESSOR JOSE OLAVO DO VALE;MACAU;CENTRO;000346311010;BD31095;2031884;MCA-01Z4;-5,11617670;-36,63044560;ASSU;OESTE-SERIDÓ
ESCOLA ESTADUAL PROFESSORA CLARA TETEO;MACAU;PORTO SAO PEDRO;000347766011;L96262;3098968;MCA-01Z4;-5,11067970;-36,62814650;ASSU;OESTE-SERIDÓ
ESCOLA ESTADUAL PROFESSORA MARIA DE LOURDES BEZERRA;MACAU;PORTO SAO PEDRO;007006428740;R87765;3073224;MCA-01Z3;-5,11026330;-36,63609830;ASSU;OESTE-SERIDÓ
ESCOLA MUNICIPAL ALFERES CASSIANO MARTINS;MACAU;BARREIRAS;000349247011;BE61797;201652;MCA-01Z6;-5,08084190;-36,48881220;ASSU;OESTE-SERIDÓ
ESCOLA MUNICIPAL DO ASSENTAMENTO SEBASTIÃO ANDRADE;MACAU;ASSENTAMENTO SEBASTIAO ANDRADE;000851174117;BE88101;2211683;GMR-01Y3;-5,31388330;-36,44717330;ASSU;OESTE-SERIDÓ
ESCOLA MUNICIPAL JOSE RIBEIRO DA COSTA;MACAU;DIOGO LOPES;000349479010;BE62832;238055X;MCA-01Z6;-5,08130500;-36,46452380;ASSU;OESTE-SERIDÓ
ESCOLA MUNICIPAL LUZIA BONIFÁCIO DE SOUZA;MACAU;DIOGO LOPES;000850528578;BE62539;2012641;MCA-01Z6;-5,08134160;-36,46759160;ASSU;OESTE-SERIDÓ
ESCOLA MUNICIPAL MANOEL FRANCISCO DA CUNHA;MACAU;ILHA DE SANTANA;000350064010;BE10281;245827X;MCA-01Z2;-5,12723790;-36,65696060;ASSU;OESTE-SERIDÓ
ESCOLA MUNICIPAL PROFESSORA MARIA TEREZA PIMENTEL;MACAU;SALINOPOLIS;000348652010;U76771;3115984;MCA-01Z1;-5,14869830;-36,60273170;ASSU;OESTE-SERIDÓ
ESCOLA MUNICIPALDE TEMPO INTEGRAL EDINOR AVELINO;MACAU;VALADAO;000303725016;BD04915;242606X;MCA-01Z3;-5,11344910;-36,64110750;ASSU;OESTE-SERIDÓ
ESCOLA MODELO EM TEMPO INTEGRAL SANTA LUZIA;LAGOA DE PEDRAS;CENTRO;000193563015;B16115;2011873;BJN-01N1;-6,15321170;-35,43375170;LITORAL SUL;LITORAL
SERVICO SOCIAL DA INDUSTRIA;MACAU;CENTRO;000303076018;GD0620;2387560;MCA-01Z3;-5,11755590;-36,63258220;ASSU;OESTE-SERIDÓ
ESCOLA DE 1 E 2 GRAUS PROF JOAQUIM LEAL PIMENTA;CAMPO GRANDE;CENTRO;000513812019;CF06131;3111660;CPG-01P2;-5,86278380;-37,31241070;ALTO OESTE;OESTE-SERIDÓ
ESCOLA ESTADUAL ANA MARIA VIEIRA LIBERATO;CAMPO GRANDE;ALTO DA ESPERANCA;000513705018;CE86550;3131514;CPG-01P2;-5,85738870;-37,31393820;ALTO OESTE;OESTE-SERIDÓ
ESCOLA ESTADUAL PROFESSOR ADRIAO MELO;CAMPO GRANDE;CENTRO;000514113017;CF05012;3124597;CPG-01P2;-5,86039600;-37,30797970;ALTO OESTE;OESTE-SERIDÓ
ESCOLA ISOLADA CAIANA;CAMPO GRANDE;ZONA RURAL;000530611019;CF61454;1294331;CRB-01C2;-5,77119800;-37,41437460;ALTO OESTE;OESTE-SERIDÓ
ESCOLA MUNICIPAL DO BOM JESUS;CAMPO GRANDE;ZONA RURAL;000530507017;PY16768;3077498;CRB-01C2;-5,79577650;-37,41578520;ALTO OESTE;OESTE-SERIDÓ
ESCOLA MUNICIPAL IEDA MEDEIROS DANTAS SALDANHA;CAMPO GRANDE;CENTRO;000513919018;L83922;3098817;CPG-01P2;-5,86201690;-37,31111410;ALTO OESTE;OESTE-SERIDÓ
ESCOLA ESTADUAL PROF DANIEL GURGEL;JANDUÍS;CENTRO;000512767010;CF07491;2510554;CPG-01P3;-6,02005000;-37,40480280;ALTO OESTE;OESTE-SERIDÓ
ESCOLA MUNICIPAL PROF ALUIZIO GURGEL;JANDUÍS;CENTRO;000513151012;PY19093;3070397;CPG-01P3;-6,01885310;-37,40629300;ALTO OESTE;OESTE-SERIDÓ
ESCOLA MUNICIPAL PROFESSOR LEONEL CÍCERO;JANDUÍS;CENTRO;000512746012;CF56863;2401270;CPG-01P3;-6,01486960;-37,40711650;ALTO OESTE;OESTE-SERIDÓ
JARDIM ESCOLA MUNICIPAL TIA ALICE;JANDUÍS;SÃO BENTO;000512767010;CF07491;2510554;CPG-01P3;-6,01953140;-37,40454760;ALTO OESTE;OESTE-SERIDÓ
ESCOLA ESTADUAL DESEMBARGADOR FELIPE GUERRA;TRIUNFO POTIGUAR;CENTRO;000530854019;O67671;3128589;JCT-01N2;-5,86713320;-37,18532260;ALTO OESTE;OESTE-SERIDÓ
ESCOLA MUNICIPAL CHA VELHA;TRIUNFO POTIGUAR;ZONA RURAL;000284030010;BA99425;2068102;JCT-01N2;-5,99357420;-37,15460710;ALTO OESTE;OESTE-SERIDÓ
ESCOLA MUNICIPAL MANOEL SILVESTRE FREIRE;TRIUNFO POTIGUAR;CENTRO;000530854019;O67671;3128589;JCT-01N2;-5,86685900;-37,18522900;ALTO OESTE;OESTE-SERIDÓ
ANEXO II - ESC. MUN. VALDECI NUNES DA SILVA;AREIA BRANCA;CENTRO;000248771011;CB52992;2666483;SRV-01Z2;-4,95657851;-37,13607246;MOSSORO;OESTE-SERIDÓ
CAMARA MUNICIPAL DOS VEREADORES DE AREIA BRANCA;AREIA BRANCA;CENTRO;000248705019;CB54188;2480106;SRV-01Z2;-4,95470469;-37,13550031;MOSSORO;OESTE-SERIDÓ
CRECHE SAO SEBASTIAO;AREIA BRANCA;ZONA RURAL;000286315011;CA82035;3114682;SRV-01Z4;-4,95238873;-36,88397951;MOSSORO;OESTE-SERIDÓ
EDUCANDARIO NOSSA SENHORA DOS NAVEGANTES;AREIA BRANCA;CENTRO;000248798017;L58356;3093880;SRV-01Z2;-4,95779519;-37,13616558;MOSSORO;OESTE-SERIDÓ
ESCOLA ESTADUAL ANTONIA GIRLAND;AREIA BRANCA;COHAB;000285376017;CB52217;3099189;SRV-01Z3;-4,95392078;-37,12648356;MOSSORO;OESTE-SERIDÓ
ESCOLA ESTADUAL CONEGO ISMAR FERNANDES DE QUEIROZ;AREIA BRANCA;ILHA;007006919345;V05256;3072815;SRV-01Z3;-4,94497033;-37,11910338;MOSSORO;OESTE-SERIDÓ
ESCOLA ESTADUAL CONSELHEIRO BRITO GUERRA;AREIA BRANCA;CENTRO;000002487012;CD80520;201330X;SRV-01Z3;-4,95684308;-37,13454871;MOSSORO;OESTE-SERIDÓ
ESCOLA ESTADUAL DESEMBARGADOR SILVERIO SOARES;AREIA BRANCA;ILHA;000275267015;T63942;2458788;SRV-01Z2;-4,94985132;-37,12592893;MOSSORO;OESTE-SERIDÓ
ESCOLA ESTADUAL ELITA MONTE;AREIA BRANCA;CENTRO;007004085471;M68095;2611696;SRV-01Z3;-4,95160850;-37,13095573;MOSSORO;OESTE-SERIDÓ
ESCOLA ESTADUAL PROFESSORA MARIA NORONHA FILGUEIRA;AREIA BRANCA;ZONA RURAL;000286058019;N74199;2732938;SRV-01Z3;-4,93041528;-36,96031518;MOSSORO;OESTE-SERIDÓ
ESCOLA MUNICIPAL COMERCIAL PROFESSORA GERALDA CRUZ;AREIA BRANCA;ILHA;000275167010;U89754;3132307;SRV-01Z3;-4,95491780;-37,12953768;MOSSORO;OESTE-SERIDÓ
ESCOLA MUNICIPAL DE 1 GRAU SANTO EXPEDITO;AREIA BRANCA;ZONA RURAL;000285937019;PY14358;3074633;SRV-01Z3;-4,94371564;-36,98052051;MOSSORO;OESTE-SERIDÓ
ESCOLA MUNICIPAL FRANCISCO DA BORJA;AREIA BRANCA;ZONA RURAL;000286334016;CA82171;3108187;SRV-01Z4;-4,95346719;-36,88439249;MOSSORO;OESTE-SERIDÓ
ESCOLA MUNICIPAL JOSE SOLON;AREIA BRANCA;ZONA RURAL;000286215017;PY11830;2594613;SRV-01Z2;-4,92893650;-37,10367356;MOSSORO;OESTE-SERIDÓ
ESCOLA MUNICIPAL MANOEL FILGUEIRA DOS SANTOS;AREIA BRANCA;ZONA RURAL;000286315011;CA82035;3114682;SRV-01Z4;-4,95227030;-36,88466113;MOSSORO;OESTE-SERIDÓ
ESCOLA MUNICIPAL PADRE JOAO MARIA;AREIA BRANCA;ZONA RURAL;000285803012;CB37340;3071316;SRV-01Z3;-4,96108969;-37,04303811;MOSSORO;OESTE-SERIDÓ
ESCOLA MUNICIPAL PROFESSORA HERCILIA NORONHA;AREIA BRANCA;ZONA RURAL;000286546013;CB2510X;3068157;SRV-01Z1;-5,03397650;-37,12978209;MOSSORO;OESTE-SERIDÓ
ESCOLA MUNICIPAL VALDECI NUNES DA SILVA;AREIA BRANCA;CENTRO;000248771011;CB52992;2666483;SRV-01Z2;-4,95670441;-37,13595704;MOSSORO;OESTE-SERIDÓ
IERN AREIA BRANCA;AREIA BRANCA;ZONA RURAL;000286612016;L98928;3074627;SRV-01Z3;-4,95312596;-37,09562592;MOSSORO;OESTE-SERIDÓ
INSTITUTO DANTAS MONTEIRO;AREIA BRANCA;CENTRO;007007412074;V05555;3074879;SRV-01Z3;-4,95850618;-37,13425149;MOSSORO;OESTE-SERIDÓ
CAMARA MUNICIPAL DOS VEREADORES DE GROSSOS;GROSSOS;CENTRO;000508412010;U34528;3127895;GRS-01Y5;-4,98126271;-37,15332460;MOSSORO;OESTE-SERIDÓ
ESCOLA ESTADUAL CORONEL SOLON;GROSSOS;CENTRO;000508263015;CC1431X;42735X;GRS-01Y5;-4,98131346;-37,15517943;MOSSORO;OESTE-SERIDÓ
ESCOLA MUNICIPAL ALCINDA PINHEIRO COSTA NEO;GROSSOS;ZONA RURAL;000525386015;CB58596;3098878;GRS-01Y5;-4,95273071;-37,14794409;MOSSORO;OESTE-SERIDÓ
ESCOLA MUNICIPAL LUZIA FREIRE VASCONCELOS;GROSSOS;ZONA RURAL;000525583015;PY18056;3127770;GRS-01Y1;-4,91064128;-37,21694249;MOSSORO;OESTE-SERIDÓ
ESCOLA MUNICIPAL MANOEL DA SILVA;GROSSOS;ZONA RURAL;000525559017;CB87234;2139120;GRS-01Y1;-4,92617005;-37,20602715;MOSSORO;OESTE-SERIDÓ
ESCOLA MUNICIPAL SÃO JOSÉ;GROSSOS;ZONA RURAL;000525354016;CB86712;2658425;GRS-01Y1;-4,94682801;-37,19157969;MOSSORO;OESTE-SERIDÓ
ESCOLA SAGRADO CORACAO DE JESUS;GROSSOS;CENTRO;000855540770;N83495;3104845;GRS-01Y5;-4,98400787;-37,15165718;MOSSORO;OESTE-SERIDÓ
POLO UAB EDUCA GROSSOS;GROSSOS;CENTRO;000508477015;CB99391;2375450;GRS-01Y5;-4,98698835;-37,15189892;MOSSORO;OESTE-SERIDÓ
ESCOLA MUNICIPAL DOM BOSCO ASSENTAMENTO TOCANTINS;PORTO DO MANGUE;ZONA RURAL;000678860018;CA87714;2385385;SRV-01Z4;-5,10441596;-36,95134252;ASSU;OESTE-SERIDÓ
ESCOLA MUNICIPAL FRANCISCA SERAFIM DE SOUZA;PORTO DO MANGUE;CENTRO;000850796220;O78303;2635696;PNC-01P2;-5,06555515;-36,78283987;ASSU;OESTE-SERIDÓ
ESCOLA MUNICIPAL PASCOAL FRANCISCO DE LIMA;PORTO DO MANGUE;ZONA RURAL;000797655015;T28927;197955X;SRV-01Z4;-5,00593258;-36,83752684;ASSU;OESTE-SERIDÓ
GRUPO ESCOLAR DE LOGRADOURO;PORTO DO MANGUE;ZONA RURAL;007015828468;U22841A;3105229;MCA-01Z2;-5,15330886;-36,75631642;ASSU;OESTE-SERIDÓ
C. E. DE JOVENS E ADULTOS PROF. ALFREDO SIMONETTI (COLÉGIO SUPLETIVO);MOSSORÓ;SANTO ANTONIO;000536701010;M31296;2551040;BLH-01L1;-5,18472747;-37,34753073;MOSSORO;OESTE-SERIDÓ
COLEGIO ESTADUAL PROF ABEL FREIRE COELHO;MOSSORÓ;NOVA BETANIA;000000941018;P05088;5003776;MST-01C2;-5,17945738;-37,35246599;MOSSORO;OESTE-SERIDÓ
ESCOLA ESTADUAL AMBULATÓRIO CARDEAL CÂMARA;MOSSORÓ;ABOLICAO II;000497285011;K02586;411533;MST-01C1;-5,17319610;-37,35627800;MOSSORO;OESTE-SERIDÓ
ESCOLA ESTADUAL GILBERTO ROLA;MOSSORÓ;ZONA RURAL;007018025838;V08693;3103553;MSA-01M4;-4,95065240;-37,40760740;MOSSORO;OESTE-SERIDÓ
ESCOLA ESTADUAL JERONIMO ROSADO;MOSSORÓ;SANTO ANTONIO;000001962019;P05164;2088731;MST-01C2;-5,18318280;-37,34870240;MOSSORO;OESTE-SERIDÓ
ESCOLA ESTADUAL MOREIRA DIAS;MOSSORÓ;DOZE ANOS;000501513016;K02458;3089166;MST-01C3;-5,19096439;-37,35107383;MOSSORO;OESTE-SERIDÓ
ESCOLA ESTADUAL PROFESSORA IRACEMA FERNANDES;MOSSORÓ;ZONA RURAL;000505762010;CB45922;254222X;MSA-01M1;-4,91204960;-37,41108780;MOSSORO;OESTE-SERIDÓ
ESCOLA MUNICIPAL ADOLFO SABINO DA SILVA;MOSSORÓ;ZONA RURAL;000672840015;CC45201;2204283;DSR-01S4;-5,24289659;-37,55970752;MOSSORO;OESTE-SERIDÓ
ESCOLA MUNICIPAL ALCIDES MANOEL DE MEDEIROS;MOSSORÓ;REDENCAO;000496280016;K02887;2194527;MST-01C1;-5,13959300;-37,35188840;MOSSORO;OESTE-SERIDÓ
ESCOLA MUNICIPAL CORNELIO BARBALHO DE CARVALHO;MOSSORÓ;ZONA RURAL;000488885014;DF23933;3091608;MST-01C6;-5,14367220;-37,45904400;MOSSORO;OESTE-SERIDÓ
ESCOLA MUNICIPAL DE PRIMEIRO GRAU RICARDO VIEIRA DE COUTO;MOSSORÓ;ZONA RURAL;000502651021;L64526;3080357;MST-01C6;-5,21624275;-37,49841637;MOSSORO;OESTE-SERIDÓ
ESCOLA MUNICIPAL ELIAS SALÉM;MOSSORÓ;ZONA RURAL;000854438271;N93834;2508990;MSA-01M4;-5,04340950;-37,42139560;MOSSORO;OESTE-SERIDÓ
ESCOLA MUNICIPAL JOÃO NICERAS DE MORAIS;MOSSORÓ;ZONA RURAL;000502861018;CC44103;2386876;MST-01C6;-5,20144260;-37,44952540;MOSSORO;OESTE-SERIDÓ
ESCOLA MUNICIPAL NECI CAMPOS MATOSO;MOSSORÓ;ZONA RURAL;000850629579;CB48525;3078793;GNR-01N3;-5,02655580;-37,32364470;MOSSORO;OESTE-SERIDÓ
ESCOLA MUNICIPAL PROFESSOR MAURICIO DE OLIVEIRA;MOSSORÓ;ZONA RURAL;000854021818;N61043;2471044;MSA-01M3;-4,96163000;-37,44898160;MOSSORO;OESTE-SERIDÓ
ESCOLA MUNICIPAL RAIMUNDO FERNANDES;MOSSORÓ;SANTO ANTONIO;000488860011;O24042;3129524;MST-01C2;-5,17633380;-37,34219910;MOSSORO;OESTE-SERIDÓ
ESCOLA SINDICALISTA ANTONIO INACIO;MOSSORÓ;ZONA RURAL;000669853017;N19291;854862;MST-01C6;-5,16634660;-37,42306840;MOSSORO;OESTE-SERIDÓ
UNIDADE BÁSICA DE SAÚDE FRANCISCO NETO DA LUZ;MOSSORÓ;ZONA RURAL;000490718010;PY17248;221995X;MST-01C6;-5,14560480;-37,45111580;MOSSORO;OESTE-SERIDÓ
UNIDADE BÁSICA DE SAÚDE LUÍZA VANESSA DA SILVA MARINHO;MOSSORÓ;ZONA RURAL;000505422015;CB83973;701541;MSA-01M4;-4,94991780;-37,40600730;MOSSORO;OESTE-SERIDÓ
UNIDADE DE EDUCAÇÃO INFANTIL TIA ALDANIZA;MOSSORÓ;ZONA RURAL;007003872402;GD1183;3079971;MSA-01M4;-4,94888110;-37,40809880;MOSSORO;OESTE-SERIDÓ
CASE - CENTRO DE ATENDIMENTO SÓCIO EDUCATIVO;MOSSORÓ;DOM JAIME CAMARA;000853630004;V01002;2461277;MSU-01V2;-5,24161470;-37,31176150;MOSSORO;OESTE-SERIDÓ
COLÉGIO UNIVERSO UNO;MOSSORÓ;LIBERDADE I;007012152870;V06735;3084367;MSU-01V4;-5,22232250;-37,32903070;MOSSORO;OESTE-SERIDÓ
ESCOLA EST. DE EDUCAÇÃO PROFISSIONAL PROF. FRANCISCO DE ASSIS PEDROSA;MOSSORÓ;ALTO DE SAO MANOEL;000464972013;K01376;3114668;BLH-01L2;-5,20898140;-37,33711950;MOSSORO;OESTE-SERIDÓ
ESCOLA ESTADUAL ANTONIO DE SOUZA MACHADO;MOSSORÓ;DOM JAIME CAMARA;000468895013;J03447;1965442;MSU-01V2;-5,23141710;-37,31627730;MOSSORO;OESTE-SERIDÓ
ESCOLA ESTADUAL ANTÔNIO GOMES;MOSSORÓ;PAREDOES;000483593015;P03305;3116083;MSU-01V5;-5,18460090;-37,33501460;MOSSORO;OESTE-SERIDÓ
ESCOLA ESTADUAL CÔNEGO ESTEVÃO DANTAS;MOSSORÓ;ALTO DA CONCEICAO;000471702013;GD1077;2029676;BLH-01L1;-5,20141570;-37,35033970;MOSSORO;OESTE-SERIDÓ
ESCOLA ESTADUAL CUNHA DA MOTA;MOSSORÓ;PAREDOES;000485025014;P03236;2030241;BRO-01Z2;-5,18370480;-37,33691510;MOSSORO;OESTE-SERIDÓ
ESCOLA ESTADUAL GOV. DIX-SEPT ROSADO;MOSSORÓ;BOM JARDIM;000536719016;V08704;3103718;BRO-01Z4;-5,18045360;-37,33799780;MOSSORO;OESTE-SERIDÓ
ESCOLA ESTADUAL JERONIMO VINGT ROSADO MAIA;MOSSORÓ;CONJUNTO VINGT ROSADO;000851136215;X00065;3080352;MSU-01V6;-5,20569380;-37,29776300;MOSSORO;OESTE-SERIDÓ
ESCOLA ESTADUAL JOSÉ MARTINS DE VASCONCELOS;MOSSORÓ;LIBERDADE I;000467535013;K03339;3127910;MSU-01V4;-5,22358520;-37,32839890;MOSSORO;OESTE-SERIDÓ
ESCOLA ESTADUAL PROFESSOR SOLON MOURA;MOSSORÓ;CENTRO;000854205250;V01278;246990X;BRO-01Z2;-5,19208870;-37,33967250;MOSSORO;OESTE-SERIDÓ
ESCOLA ESTADUAL TERTULIANO AIRES DIAS;MOSSORÓ;ALTO DE SAO MANOEL;000466650013;K01313;2612925;BLH-01L2;-5,20896370;-37,33682520;MOSSORO;OESTE-SERIDÓ
ESCOLA MUNICIPAL DEUSDETE CECILIO ARAUJO;MOSSORÓ;ZONA RURAL;000634305017;CA99960;3123338;SRV-01Z5;-5,27625620;-37,19046730;MOSSORO;OESTE-SERIDÓ
ESCOLA MUNICIPAL DR. JOSÉ GONÇALVES;MOSSORÓ;ZONA RURAL;007016961617;CC74316;3132271;DSR-01S6;-5,30277200;-37,40425040;MOSSORO;OESTE-SERIDÓ
ESCOLA MUNICIPAL EVILÁZIO LEÃO DE MOURA;MOSSORÓ;ZONA RURAL;000504572013;P05256;3098099;MST-01C2;-5,18092430;-37,34880860;MOSSORO;OESTE-SERIDÓ
ESCOLA MUNICIPAL FRANCISCO DE ASSIS BATISTA;MOSSORÓ;ALTO DA CONCEICAO;000473235013;GD7448;3077601;BLH-01L2;-5,20467860;-37,35184600;MOSSORO;OESTE-SERIDÓ
ESCOLA MUNICIPAL FRANCISCO DIASSIS NOGUEIRA;MOSSORÓ;ZONA RURAL;007026468994;O79759;3131368;SRV-01Z5;-5,16222610;-37,22256110;MOSSORO;OESTE-SERIDÓ
ESCOLA MUNICIPAL FRANCISCO FERREIRA SOUTO;MOSSORÓ;ZONA RURAL;000000972010;V01643;2536169;MSU-01V6;-5,20681900;-37,31541920;MOSSORO;OESTE-SERIDÓ
ESCOLA MUNICIPAL HELOISA LEÃO DE MOURA;MOSSORÓ;BOM JESUS;000850688990;X00286;3127901;BLH-01L3;-5,22494890;-37,35383880;MOSSORO;OESTE-SERIDÓ
ESCOLA MUNICIPAL JOAQUIM FELICIO DE MOURA;MOSSORÓ;BOM JARDIM;007017562821;V05624;3075293;BRO-01Z4;-5,17836580;-37,33880790;MOSSORO;OESTE-SERIDÓ
ESCOLA MUNICIPAL JOSE BENJAMIM;MOSSORÓ;ALTO DE SAO MANOEL;000465017015;K01487;3094193;BLH-01L2;-5,21064800;-37,34080920;MOSSORO;OESTE-SERIDÓ
ESCOLA MUNICIPAL PAULO CAVALCANTE DE MOURA;MOSSORÓ;ALTO DO SUMARE;000468610019;P04679;3123347;MSU-01V3;-5,22813780;-37,32564790;MOSSORO;OESTE-SERIDÓ
ESCOLA MUNICIPAL PROF CELINA GUIMARAES VIANA;MOSSORÓ;BARROCAS;000484237018;P03283;251078X;BRO-01Z2;-5,17787970;-37,33139160;MOSSORO;OESTE-SERIDÓ
ESCOLA MUNICIPAL PROFESSOR ANTONIO DA GRAÇA MACHADO;MOSSORÓ;BARROCAS;007001737281;V03715;2654719;BRO-01Z1;-5,16748690;-37,33020030;MOSSORO;OESTE-SERIDÓ
ESCOLA MUNICIPAL PROFESSOR FRANCISCO MORAIS FILHO;MOSSORÓ;BOM JARDIM;000487227013;H05029;3126063;BRO-01Z4;-5,17569260;-37,33588420;MOSSORO;OESTE-SERIDÓ
ESCOLA MUNICIPAL RAIMUNDO GALDINO DA SILVA;MOSSORÓ;ZONA RURAL;000675339015;P11116;2677469;MSU-01V2;-5,34470390;-37,19437880;MOSSORO;OESTE-SERIDÓ
ESCOLA MUNICIPAL SENADOR DINARTE MARIZ;MOSSORÓ;ALTO DE SAO MANOEL;000536557016;V10730;3121637;BLH-01L2;-5,22011030;-37,33158010;MOSSORO;OESTE-SERIDÓ
ESCOLA MUNICIPAL VEREADOR JOSE BERNARDO DE SOUZA;MOSSORÓ;ZONA RURAL;000463816018;DE93108;2350457;BRO-01Z2;-5,15873850;-37,28359390;MOSSORO;OESTE-SERIDÓ
FACULDADE DE ENFERMAGEM;MOSSORÓ;CENTRO;000482602010;H03128;2545566;BRO-01Z2;-5,18917400;-37,34159370;MOSSORO;OESTE-SERIDÓ
FUNSERN - ESCOLA ESTADUAL PADRE SATIRO CAVALCANTE DANTAS;MOSSORÓ;DOM JAIME CAMARA;000851119949;P11791;2251422;MSU-01V3;-5,22720240;-37,31874570;MOSSORO;OESTE-SERIDÓ
NUCLEO MUNICIPAL DE EDUCAÇÃO RURAL JERONIMO ROSADO;MOSSORÓ;ZONA RURAL;000536835016;L28172;3127780;SRV-01Z5;-5,07603390;-37,17482850;MOSSORO;OESTE-SERIDÓ
UEI - DULCE ESCOSSIA NOGUEIRA;MOSSORÓ;ALTO DA CONCEICAO;000473235013;GD7448;3077601;BLH-01L2;-5,20515130;-37,35207100;MOSSORO;OESTE-SERIDÓ
UFERSA - UNIVERSIDADE FEDERAL RURAL DO SEMI-ARIDO;MOSSORÓ;COSTA E SILVA;000462073011;P02393;244009X;MSU-01V3;-5,20356000;-37,32513920;MOSSORO;OESTE-SERIDÓ
UNIVERSIDADE DO ESTADO DO RIO GRANDE DO NORTE - UERN;MOSSORÓ;COSTA E SILVA;000463039011;K01117;2188508;MSU-01V6;-5,20599720;-37,31597670;MOSSORO;OESTE-SERIDÓ
CENTRO EDUCACIONAL CELINA VITÓRIA;APODI;LAGOA SECA;000851427058;CE03249;2351987;APD-01Z3;-5,66185142;-37,79796064;ALTO OESTE;OESTE-SERIDÓ
CENTRO EDUCACIONAL PEQUENO PRINCIPE;APODI;CENTRO;000523637010;CE01550;3125230;APD-01Z3;-5,65912452;-37,79746551;ALTO OESTE;OESTE-SERIDÓ
CENTRO ESCOLAR PROFA. ALVANIR DE FREITAS DIAS - CAIC;APODI;LAGOA SECA;000001505017;CE02109;1835683;APD-01Z3;-5,65969724;-37,79323310;ALTO OESTE;OESTE-SERIDÓ
COLÉGIO NOSSA SENHORA DA CONCEIÇÃO;APODI;PODY DOS ENCANTOS;000523999010;L70308;3096603;APD-01Z3;-5,65646848;-37,80137650;ALTO OESTE;OESTE-SERIDÓ
ESCOLA ESTADUAL FERREIRA PINTO;APODI;CENTRO;000516459018;CE22811;2398038;APD-01Z2;-5,66436076;-37,79613647;ALTO OESTE;OESTE-SERIDÓ
ESCOLA ESTADUAL PROFESSOR ANTONIO DANTAS;APODI;CENTRO;000523810014;CE12756;2663440;APD-01Z3;-5,65339031;-37,79976429;ALTO OESTE;OESTE-SERIDÓ
ESCOLA ESTADUAL PROFESSOR GERSON LOPES;APODI;CENTRO;000522630012;CE15359;3117973;APD-01Z1;-5,66587122;-37,79969089;ALTO OESTE;OESTE-SERIDÓ
ESCOLA ESTADUAL PROFESSORA MARIA ZENILDA GAMA TORRES;APODI;IPE;007012242462;T01830;3065087;APD-01Z3;-5,64485851;-37,80183089;ALTO OESTE;OESTE-SERIDÓ
ESCOLA ESTADUAL SEBASTIÃO GOMES DE OLIVEIRA;APODI;ZONA RURAL;000524210010;PY09279;260584X;APD-01Z1;-5,74389374;-37,85551682;ALTO OESTE;OESTE-SERIDÓ
ESCOLA ESTADUAL VALDEMIRO PEDRO VIANA;APODI;ZONA RURAL;000536281010;CF22677;505123;APD-01Z6;-5,72331322;-37,75513080;ALTO OESTE;OESTE-SERIDÓ
ESCOLA MUNICIPAL PROFESSORA LINDAURA SILVA;APODI;COHAB;;;55133;APD-01Z3;-5,65803973;-37,80272323;ALTO OESTE;OESTE-SERIDÓ
ESCOLA MUNICIPAL PROFESSORA LOURDES MOTA;APODI;CENTRO;000516429011;U52631;3107157;APD-01Z2;-5,66612506;-37,79572285;ALTO OESTE;OESTE-SERIDÓ
INSTITUTO FEDERAL DO RIO GRANDE DO NORTE - IFRN APODI;APODI;CHAPADA DO APODI;000853688800;U36819;245724X;APD-01Z2;-5,62657248;-37,80766735;ALTO OESTE;OESTE-SERIDÓ
CENTRO MUNICIPAL DE ENSINO INFANTIL-CMEI PROFESSORA MARINALVA GURGEL;CARAÚBAS;LEANDRO BEZERRA;000534560010;CE58680;3077494;CRB-01C3;-5,79356170;-37,55100550;ALTO OESTE;OESTE-SERIDÓ
CRECHE JESUMIRA FERNANDES DE GÓIS;CARAÚBAS;AEROPORTO;000850856630;O35791;3122995;CRB-01C3;-5,77957840;-37,55216970;ALTO OESTE;OESTE-SERIDÓ
ESCOLA ESTADUAL ALMIRO DE FRANÇA SILVA;CARAÚBAS;ZONA RURAL;000851457755;CD9938X;2240934;DSR-01S5;-5,66829000;-37,48557330;ALTO OESTE;OESTE-SERIDÓ
ESCOLA ESTADUAL ANTONIO CARLOS;CARAÚBAS;CENTRO;007007943983;V05937;3077909;CRB-01C3;-5,79279380;-37,55929460;ALTO OESTE;OESTE-SERIDÓ
ESCOLA ESTADUAL PROFESSOR LOURENCO GURGEL;CARAÚBAS;CENTRO;000509790019;CE41677;2399445;CRB-01C3;-5,78954160;-37,56000870;ALTO OESTE;OESTE-SERIDÓ
ESCOLA ESTADUAL PROFESSORA MARIA SILVIA DE VASCONCELOS CAMARA;CARAÚBAS;LEANDRO BEZERRA;000534650019;PY18894;871901;CRB-01C3;-5,79029860;-37,55098470;ALTO OESTE;OESTE-SERIDÓ
ESCOLA ESTADUAL SEBASTIAO GURGEL;CARAÚBAS;CENTRO;000510936019;GD2729;1731137;CRB-01C3;-5,79556110;-37,55961440;ALTO OESTE;OESTE-SERIDÓ
ESCOLA MUNICIPAL FRANCISCO DE ACACI VIANA;CARAÚBAS;ZONA RURAL;007000332318;CE27228;3092105;CRB-01C1;-5,67197670;-37,66318000;ALTO OESTE;OESTE-SERIDÓ
ESCOLA MUNICIPAL FRANCISCO DE PAULA PESSOA FILHO;CARAÚBAS;ZONA RURAL;000510586018;CE97379;3089985;APD-01Z6;-5,68051810;-37,69141790;ALTO OESTE;OESTE-SERIDÓ
ESCOLA MUNICIPAL GREGORIO BATISTA DE MORAIS;CARAÚBAS;ZONA RURAL;000510655010;CE50812;3094987;CRB-01C1;-5,69625970;-37,55480410;ALTO OESTE;OESTE-SERIDÓ
ESCOLA MUNICIPAL JONAS GURGEL;CARAÚBAS;LEANDRO BEZERRA;000534488017;N32383;871956;CRB-01C3;-5,79204880;-37,55409650;ALTO OESTE;OESTE-SERIDÓ
ESCOLA MUNICIPAL JOSUE DE OLIVEIRA;CARAÚBAS;SEBASTIAO MALTEZ;000509880018;U20855;3106153;CRB-01C3;-5,78627550;-37,55744550;ALTO OESTE;OESTE-SERIDÓ
ESCOLA MUNICIPAL PROFESSORA LEONIA GURGEL FERNANDES DE AZEVEDO;CARAÚBAS;ALTO DA LIBERDADE;000511776015;CE55936;3093254;CRB-01C2;-5,80631220;-37,55758820;ALTO OESTE;OESTE-SERIDÓ
ESCOLA ESTADUAL CLODOMIR CHAVES;ALMINO AFONSO;CENTRO;000256860015;CD5675X;3081455;AAF-01Z3;-6,15354500;-37,76672000;ALTO OESTE;OESTE-SERIDÓ
ESCOLA ESTADUAL PROFESSOR PEDRO GURGEL;ALMINO AFONSO;CENTRO;000256648016;CD57884;1844970;AAF-01Z3;-6,15428670;-37,76404830;ALTO OESTE;OESTE-SERIDÓ
ESCOLA MUNICIPAL JULIO BENEDITO;MESSIAS TARGINO;ALTO DO BONITO;000251889015;DB42388;3077959;CPG-01P3;-6,08224130;-37,51317120;ALTO OESTE;OESTE-SERIDÓ
CAMPUS AVANCADO DE PATU - CAP;PATU;ESTACAO;000289369015;V05032;2222879;AAF-01Z2;-6,09974280;-37,63704710;ALTO OESTE;OESTE-SERIDÓ
ESCOLA ESTADUAL DR. EDINO JALES;PATU;ESTACAO;000719528015;CD78160;3069010;AAF-01Z2;-6,10195700;-37,63616830;ALTO OESTE;OESTE-SERIDÓ
ESCOLA ESTADUAL JOAO GODEIRO;PATU;CENTRO;000277700018;CD76671;3073975;AAF-01Z2;-6,11084660;-37,63830330;ALTO OESTE;OESTE-SERIDÓ
ESCOLA MUNICIPAL FRANCISCO FRANCELINO DE MOURA;PATU;CENTRO;000277700018;CD76671;3073975;AAF-01Z2;-6,11176520;-37,63808140;ALTO OESTE;OESTE-SERIDÓ
ESCOLA DE 1 E 2 GRAU PROFESSOR RAIMUNDO NONATO DE LIMA;RAFAEL GODEIRO;CENTRO;000262505014;DA69649;1261969;AAF-01Z1;-6,07714500;-37,71592830;ALTO OESTE;OESTE-SERIDÓ
ESCOLA ESTADUAL GOVERNADOR WALFREDO GURGEL;ANTÔNIO MARTINS;CENTRO;000263085019;GD1493;51909XX;AAF-01Z3;-6,21505830;-37,88915330;ALTO OESTE;OESTE-SERIDÓ
ESCOLA INFANTIL ALDENIZA NUNES DE CARVALHO OLIVEIRA;ANTÔNIO MARTINS;ALTO DA EMA;000263026012;DA5001X;2610891;AAF-01Z3;-6,21649330;-37,89429170;ALTO OESTE;OESTE-SERIDÓ
ESCOLA MUNICIPAL 1 E 2 GRAU JOSE INACIO DE CARVALHO;ANTÔNIO MARTINS;CENTRO;000263059018;CD74632;2548656;AAF-01Z3;-6,21585000;-37,88989170;ALTO OESTE;OESTE-SERIDÓ
CENTRO EDUCACIONAL INFANTIL MARGARIDA FERNANDES;MARTINS;CENTRO;;;51453;AAF-01Z5;-6,08919750;-37,91370090;ALTO OESTE;OESTE-SERIDÓ
CENTRO EDUCACIONAL JOÃO ONOFRE;MARTINS;LAGOA NOVA;000282199017;DA82874;1024090;RCZ-01S5;-6,08239170;-37,93182110;ALTO OESTE;OESTE-SERIDÓ
CENTRO EDUCACIONAL PADRE CARLOS;MARTINS;ZONA RURAL;000249797014;T72907;3126515;AAF-01Z5;-6,09775910;-37,90576910;ALTO OESTE;OESTE-SERIDÓ
CENTRO EDUCACIONAL PROFESSORA ANINHA LEITE;MARTINS;ZONA RURAL;000695435010;DA85278;1751237;AAF-01Z6;-6,03300330;-37,87082000;ALTO OESTE;OESTE-SERIDÓ
CENTRO EDUCACIONAL RAIMUNDA BARRETO;MARTINS;JOCELYN VILAR;;;51626;AAF-01Z5;-6,09290160;-37,91808600;ALTO OESTE;OESTE-SERIDÓ
ESCOLA ESTADUAL ALMINO AFONSO;MARTINS;CENTRO;000249350010;DA80877;XX51495;AAF-01Z5;-6,08759590;-37,91093540;ALTO OESTE;OESTE-SERIDÓ
ESCOLA ESTADUAL ANTONIO JOAO DE QUEIROZ;MARTINS;LAGOA NOVA;000282053012;U32649;3106157;RCZ-01S5;-6,07162830;-37,93392500;ALTO OESTE;OESTE-SERIDÓ
ESCOLA ESTADUAL JOAQUIM INACIO;MARTINS;JOCELYN VILAR;;;51647;RCZ-01S5;-6,09124500;-37,92250830;ALTO OESTE;OESTE-SERIDÓ
SERVIÇO DE CONVIVÊNCIA E FORTALECIMENTO DE VÍNCULOS (SCFV);MARTINS;ZONA RURAL;000249266019;T72931;261236X;AAF-01Z5;-6,09653670;-37,90804500;ALTO OESTE;OESTE-SERIDÓ
ESCOLA ESTADUAL FRANCISCO DE ASSIS DA SILVA;SERRINHA DOS PINTOS;CAMARÃO;007002498400;O09327;3091344;RCZ-01S5;-6,11595670;-37,96273330;ALTO OESTE;OESTE-SERIDÓ
ESCOLA MUNICIPAL CRISTALINO VAZ DA SILVA;SERRINHA DOS PINTOS;ZONA RURAL;000850708690;CF77202;2134688;AAF-01Z3;-6,17775830;-37,99470670;ALTO OESTE;OESTE-SERIDÓ
ESCOLA MUNICIPAL LEIS GOMES DE OLIVEIRA;SERRINHA DOS PINTOS;CENTRO;007016741382;DA88310;1590278;RCZ-01S5;-6,11167490;-37,95052550;ALTO OESTE;OESTE-SERIDÓ
ESCOLA ESTADUAL IVONETE CARLOS;FRUTUOSO GOMES;CENTRO;000259381010;CD59677;3126524;AAF-01Z3;-6,15905540;-37,84172270;ALTO OESTE;OESTE-SERIDÓ
ESCOLA MUNICIPAL ERNESTO FERREIRA;FRUTUOSO GOMES;CENTRO;000259502012;CD60368;2564018;AAF-01Z3;-6,15986370;-37,83893310;ALTO OESTE;OESTE-SERIDÓ
ESCOLA ESTADUAL JOÃO ONOFRE;LUCRÉCIA;CENTRO;000255800019;CD58804;838039;AAF-01Z6;-6,11739310;-37,81249010;ALTO OESTE;OESTE-SERIDÓ
ESCOLA MUNICIPAL PROFESSOR JOSÉ LUIZ RODRIGUES;LAGOA DE PEDRAS;ZONA RURAL;007000670434;P56052;3115629;BJN-01N3;-6,21643170;-35,46401170;LITORAL SUL;LITORAL
ESCOLA MUNICIPAL SANTA LUZIA;LAGOA DE PEDRAS;CENTRO;000193563015;B16115;2011873;BJN-01N1;-6,15277130;-35,43444180;LITORAL SUL;LITORAL
ESCOLA MUNICIPAL PRESIDENTE TANCREDO NEVES;UMARIZAL;SAO JOSE;000265653014;DB31659;3117982;RCZ-01S3;-5,98418500;-37,82059170;ALTO OESTE;OESTE-SERIDÓ
EMEI BRANCA DE NEVE;FRANCISCO DANTAS;CENTRO;000417407014;L87218;2660104;PFE-01P3;-6,08813820;-38,12440500;ALTO OESTE;OESTE-SERIDÓ
ESCOLA ESTADUAL 26 DE MARÇO;FRANCISCO DANTAS;CENTRO;000417407014;L87218;2660104;PFE-01P3;-6,08885830;-38,12427830;ALTO OESTE;OESTE-SERIDÓ
ESCOLA MUNICIPAL AUGUSTA LEOPOLDINA DO MONTE;FRANCISCO DANTAS;CENTRO;000417421017;DC08443;702058;PFE-01P3;-6,08732330;-38,12586330;ALTO OESTE;OESTE-SERIDÓ
COLÉGIO E CURSO EVOLUÇÃO;PAU DOS FERROS;JOAO XXIII;000716856011;V04466;3068247;PFE-01P2;-6,10440830;-38,20511330;ALTO OESTE;OESTE-SERIDÓ
CRECHE MUNICIPAL PROFª MARIA DO SOCORRO DE QUEIROZ LIMA;PAU DOS FERROS;SAO BENEDITO;000403961019;DC04208;247269X;PFE-01P2;-6,11737000;-38,20594670;ALTO OESTE;OESTE-SERIDÓ
ESCOLA ESTADUAL DR. JOSE FERNANDES DE MELO;PAU DOS FERROS;PARAISO;000460968011;V10903;3122976;PFE-01P1;-6,10543170;-38,21031000;ALTO OESTE;OESTE-SERIDÓ
ESCOLA ESTADUAL JOAO ESCOLASTICO;PAU DOS FERROS;RIACHO DO MEIO;000444827017;L87066;3098683;PFE-01P1;-6,11250170;-38,22258500;ALTO OESTE;OESTE-SERIDÓ
ESCOLA ESTADUAL JOSE GUEDES DO REGO;PAU DOS FERROS;CENTRO;000460934010;DC04412;173174X;PFE-01P2;-6,11192000;-38,20419000;ALTO OESTE;OESTE-SERIDÓ
ESCOLA ESTADUAL TARCISIO MAIA;PAU DOS FERROS;SAO JUDAS TADEU;000443478019;DB90143;3133621;PFE-01P1;-6,10988170;-38,21144170;ALTO OESTE;OESTE-SERIDÓ
ESCOLA MUNICIPAL DR. JOSE TORQUATO DE FIGUEIREDO;PAU DOS FERROS;ZONA RURAL;007000062124;R08640;2657683;PFE-01P5;-6,12310330;-38,13685170;ALTO OESTE;OESTE-SERIDÓ
ESCOLA MUNICIPAL PROF SEVERINO BEZERRA;PAU DOS FERROS;SAO BENEDITO;000403961019;DC04208;247269X;PFE-01P2;-6,11762670;-38,20553830;ALTO OESTE;OESTE-SERIDÓ
ESCOLA MUNICIPAL SAO BENEDITO;PAU DOS FERROS;SAO BENEDITO;000404039016;DC02525;3128247;PFE-01P2;-6,11762670;-38,20438670;ALTO OESTE;OESTE-SERIDÓ
UERN - UNIVERSIDADE ESTADUAL DO RIO GRANDE DO NORTE;PAU DOS FERROS;PRINCESINHA DO OESTE;007002567134;L82598;3101748;PFE-01P5;-6,13215830;-38,20676330;ALTO OESTE;OESTE-SERIDÓ
UNIVERSIDADE COLÉGIO E CURSO - UNICRI;PAU DOS FERROS;ALUIZIO DIOGENES;007012236624;L27011;3092155;PFE-01P1;-6,11818830;-38,20797830;ALTO OESTE;OESTE-SERIDÓ
CMEI SAVIO DANTAS VIEIRA;SÃO FRANCISCO DO OESTE;CEARA;007028553964;V10697;3121032;PFE-01P3;-5,99823330;-38,17482500;ALTO OESTE;OESTE-SERIDÓ
ESCOLA ESTADUAL PROF MANOEL HERCULANO;SÃO FRANCISCO DO OESTE;CENTRO;000418101016;DC2629X;2656810;PFE-01P3;-5,99848900;-38,16667010;ALTO OESTE;OESTE-SERIDÓ
ESCOLA MUNICIPAL 07 DE SETEMBRO;SÃO FRANCISCO DO OESTE;CENTRO;000417901019;DC27754;3127282;PFE-01P3;-6,00013170;-38,16741670;ALTO OESTE;OESTE-SERIDÓ
CENTRO EDUCACIONAL AVANCADO DR. GENTIL PAIVA DE OLIVEIRA;ALEXANDRIA;CENTRO;000001171011;DD11971;2408103;MCV-01Z1;-6,41577700;-38,01391970;ALTO OESTE;OESTE-SERIDÓ
ESCOLA ESTADUAL GOV DINARTE MARIZ;ALEXANDRIA;CENTRO;000460638011;V08865;3105267;MCV-01Z1;-6,41388770;-38,01728500;ALTO OESTE;OESTE-SERIDÓ
ESCOLA ESTADUAL WALDEMAR DE SOUSA VERAS;ALEXANDRIA;CENTRO;000452143011;DD12535;3105607;MCV-01Z1;-6,41306330;-38,01441720;ALTO OESTE;OESTE-SERIDÓ
ESCOLA JARDIM DE INFANCIA PEDRO LOBO DA COSTA;ALEXANDRIA;CENTRO;000395071017;DD11882;1751986;MCV-01Z1;-6,41440340;-38,01648730;ALTO OESTE;OESTE-SERIDÓ
ESCOLA MUNICIPAL CEL BENEDITO DE PAIVA;ALEXANDRIA;CENTRO;000394763012;DD12797;258138;MCV-01Z1;-6,41207330;-38,01502740;ALTO OESTE;OESTE-SERIDÓ
ESCOLA MUNICIPAL DE 1º GRAU DR. GREGORIO DE PAIVA;ALEXANDRIA;CENTRO;000394333018;MG2017;3110467;MCV-01Z1;-6,41589400;-38,01510060;ALTO OESTE;OESTE-SERIDÓ
CRECHE MUNICIPAL VILA ROSARIO;JOÃO DIAS;ZONA RURAL;000422856013;T52650;240559X;AAF-01Z3;-6,27980500;-37,77699330;ALTO OESTE;OESTE-SERIDÓ
ESCOLA ESTADUAL PROF JOSE OSIAS;JOÃO DIAS;CENTRO;000422707018;U65824;1625734;AAF-01Z3;-6,27834900;-37,79785440;ALTO OESTE;OESTE-SERIDÓ
ESCOLA ESTADUAL DE 1 E 2 GRAUS FRANCISCO ANTONIO DE MOURA;PILÕES;CENTRO;000707108010;DC85402;3123476;MCV-01Z5;-6,26581330;-38,04236330;ALTO OESTE;OESTE-SERIDÓ
ESCOLA MUNICIPAL JOANA DANTAS DE MOURA;PILÕES;CENTRO;000420600011;U87714;3077524;MCV-01Z5;-6,26966830;-38,04342500;ALTO OESTE;OESTE-SERIDÓ
ESCOLA MUNICIPAL MAGNA RODRIGUES BEZERRA;PILÕES;CENTRO;000420600011;U87714;3077524;MCV-01Z5;-6,26995090;-38,04369970;ALTO OESTE;OESTE-SERIDÓ
ESCOLA ESTADUAL ACADEMICO MAURO ABRANTES;TENENTE ANANIAS;CENTRO;007020208311;V08708;3104080;MCV-01Z3;-6,46437570;-38,17866780;ALTO OESTE;OESTE-SERIDÓ
ESCOLA ESTADUAL DE 1 E 2 GRAU DEMOCRITO DE SOUSA;TENENTE ANANIAS;CENTRO;000409142010;DD19703;2016693;MCV-01Z3;-6,47144170;-38,18111000;ALTO OESTE;OESTE-SERIDÓ
ESCOLA MUNICIPAL FRANCISCA MARIA DA SILVEIRA SANTOS;TENENTE ANANIAS;RUA NOVA;000454170016;DD20703;2611387;MCV-01Z3;-6,45878000;-38,18054500;ALTO OESTE;OESTE-SERIDÓ
ESCOLA MUNICIPAL FRANCISCO EVILAZIO DE SOUSA;TENENTE ANANIAS;ZONA RURAL;000454211014;L35303;269087;MCV-01Z3;-6,40031670;-38,14392160;ALTO OESTE;OESTE-SERIDÓ
ESCOLA MUNICIPAL PROJETO CASULO PICA PAU AMARELO;TENENTE ANANIAS;CENTRO;000408892015;DC97470;3132050;MCV-01Z3;-6,46897330;-38,17968830;ALTO OESTE;OESTE-SERIDÓ
ESCOLA ESTADUAL VICENTE FONTES;JOSÉ DA PENHA;CENTRO;000407885015;DD50193;2424612;MCV-01Z2;-6,32001170;-38,28555500;ALTO OESTE;OESTE-SERIDÓ
ESCOLA MUNICIPAL ARIAMIRO GERMANO DA SILVEIRA;JOSÉ DA PENHA;ZONA RURAL;007027271302;O56758;3126610;MJS-01M1;-6,37461520;-38,30017520;ALTO OESTE;OESTE-SERIDÓ
ESCOLA MUNICIPAL PEQUENO MÁRIO;JOSÉ DA PENHA;CENTRO;007028132535;DF20665;902627;MCV-01Z2;-6,31700410;-38,28060210;ALTO OESTE;OESTE-SERIDÓ
ESCOLA MUNICIPAL 4 DE OUTUBRO;JOSÉ DA PENHA;CENTRO;000407925017;MG2757;3086169;MCV-01Z2;-6,32170500;-38,28649500;ALTO OESTE;OESTE-SERIDÓ
COLEGIO MUNICIPAL PADRE OSVALDO;LUÍS GOMES;CENTRO;000416470014;U87681;3126384;MJS-01M4;-6,41607190;-38,38649400;ALTO OESTE;OESTE-SERIDÓ
ESCOLA ESTADUAL CEL FERNANDES;LUÍS GOMES;CENTRO;000416392013;DD54952;3082053;MJS-01M4;-6,41438630;-38,38640120;ALTO OESTE;OESTE-SERIDÓ
ESCOLA ESTADUAL MARIANA CAVALCANTE;LUÍS GOMES;CENTRO;000416470014;U87681;3126384;MJS-01M4;-6,41591670;-38,38658590;ALTO OESTE;OESTE-SERIDÓ
ESCOLA MUNICIPAL PROFESSOR DUBAS;LUÍS GOMES;CENTRO;000416371016;M67113;2609912;MJS-01M4;-6,41525650;-38,38637800;ALTO OESTE;OESTE-SERIDÓ
CENTRO EDUCACIONAL INFANTIL - CRECHE SÃO JOAO BATISTA;MAJOR SALES;CENTRO;007004984590;V05131;3069748;MJS-01M4;-6,40333360;-38,32321100;ALTO OESTE;OESTE-SERIDÓ
ESCOLA MUNICIPAL ANTÔNIO JOSÉ DA ROCHA;MAJOR SALES;CENTRO;007024928084;V10838;315192;MJS-01M4;-6,40557850;-38,32456800;ALTO OESTE;OESTE-SERIDÓ
ESCOLA ESTADUAL 26 DE MARÇO;PARANÁ;CENTRO;000622685019;U48556;2087853;MJS-01M2;-6,48137830;-38,31053670;ALTO OESTE;OESTE-SERIDÓ
ESCOLA MUNICIPAL CORONEL ANTÔNIO GONÇALVES;PARANÁ;ZONA RURAL;007010032410;O71173;3130924;MJS-01M2;-6,46273170;-38,25768810;ALTO OESTE;OESTE-SERIDÓ
CRECHE CHAPEUZINHO VERMELHO E ESCOLA MUNICIPAL ANTERO MARQUES DE SOUZA;CORONEL JOÃO PESSOA;CENTRO;007025997810;V10948;3123147;SMO-01S2;-6,25796250;-38,43994350;ALTO OESTE;OESTE-SERIDÓ
ESCOLA ESTADUAL PROFESSOR JOSE PROSPERO;CORONEL JOÃO PESSOA;CENTRO;000850300968;U04627;3095074;SMO-01S2;-6,26040550;-38,44154270;ALTO OESTE;OESTE-SERIDÓ
ESCOLA MUNICIPAL ADÍLIA TERTULINA DE FREITAS;CORONEL JOÃO PESSOA;ZONA RURAL;000413018013;DE23596;3098769;SMO-01S2;-6,30294880;-38,47149110;ALTO OESTE;OESTE-SERIDÓ
ESCOLA MUNICIPAL ESCOLÁSTICA NUNES DA SILVA;CORONEL JOÃO PESSOA;ZONA RURAL;007006814330;N04709;2377044;SMO-01S2;-6,22492630;-38,45152270;ALTO OESTE;OESTE-SERIDÓ
ESCOLA ESTADUAL CORONEL JOAO PESSOA;DOUTOR SEVERIANO;CENTRO;000421404011;DC32675;3087827;PFE-01P6;-6,09568600;-38,37429285;ALTO OESTE;OESTE-SERIDÓ
ESCOLA MUNICIPAL FRANCISCO VITAL DA CUNHA;DOUTOR SEVERIANO;ZONA RURAL;007007221619;O82352;3132689;SMO-01S3;-6,09113088;-38,41688093;ALTO OESTE;OESTE-SERIDÓ
ESCOLA MUNICIPAL JOSÉ NÉRI DE OLIVEIRA;DOUTOR SEVERIANO;CENTRO;000677903015;L87144;3099005;PFE-01P6;-6,09332650;-38,37371870;ALTO OESTE;OESTE-SERIDÓ
ESCOLA MUNICIPAL JOSÉ AUGUSTO DA SILVA;DOUTOR SEVERIANO;ZONA RURAL;000422107010;L79075;3099274;SMO-01S3;-6,13984209;-38,43864041;ALTO OESTE;OESTE-SERIDÓ
ESCOLA MUNICIPAL RAIMUNDA MARQUES DE MELO;DOUTOR SEVERIANO;ZONA RURAL;000581356013;DE63508;2414850;SMO-01S3;-6,11825029;-38,45516415;ALTO OESTE;OESTE-SERIDÓ
ESCOLA MUNICIPAL SEBASTIÃO LEITE DA SILVA;DOUTOR SEVERIANO;ZONA RURAL;000421948011;DE51953;581555;SMO-01S3;-6,13940140;-38,40379070;ALTO OESTE;OESTE-SERIDÓ
ESCOLA ESTADUAL GILNEY DE SOUZA;SÃO MIGUEL;CENTRO;007030018910;V11802;3131615;SMO-01S1;-6,20564080;-38,49681600;ALTO OESTE;OESTE-SERIDÓ
ESCOLA ESTADUAL PADRE COSME;SÃO MIGUEL;CENTRO;000446823019;U35233;3080840;SMO-01S1;-6,20898190;-38,49740360;ALTO OESTE;OESTE-SERIDÓ
ESCOLA MUNICIPAL ALICE PESSOA;SÃO MIGUEL;NÚCLEO MANOEL VIEIRA;000447725010;DE44401;3101374;SMO-01S3;-6,21790480;-38,50178490;ALTO OESTE;OESTE-SERIDÓ
ESCOLA MUNICIPAL AVELINO PINHEIRO;SÃO MIGUEL;ALTO SANTA TEREZA;000410109018;DE35439;3082046;SMO-01S2;-6,21466450;-38,49425620;ALTO OESTE;OESTE-SERIDÓ
ESCOLA MUNICIPAL CACHOEIRINHA II;SÃO MIGUEL;ZONA RURAL;000448447014;U23687;962943;SMO-01S3;-6,19239780;-38,43813550;ALTO OESTE;OESTE-SERIDÓ
ESCOLA MUNICIPAL CARLOS ALBERTO DIAS DO REGO;SÃO MIGUEL;CENTRO;000000924016;DE40920;2087282;SMO-01S1;-6,21194650;-38,50252790;ALTO OESTE;OESTE-SERIDÓ
ESCOLA MUNICIPAL ELISIARIO DIAS;SÃO MIGUEL;CENTRO;000000924016;DE40920;2087282;SMO-01S1;-6,21204230;-38,50190050;ALTO OESTE;OESTE-SERIDÓ
ESCOLA MUNICIPAL MARIA ALDELINA BARBOSA;SÃO MIGUEL;CENTRO;000410040018;DE3578X;XX49643;SMO-01S3;-6,21351570;-38,49575790;ALTO OESTE;OESTE-SERIDÓ
ESCOLA MUNICIPAL PEDRO LEITE DA SILVA;SÃO MIGUEL;ZONA RURAL;000680885010;DE38094;3072767;SMO-01S2;-6,21276310;-38,42576210;ALTO OESTE;OESTE-SERIDÓ
ESCOLA ESTADUAL JOÃO SOARES DE SOUZA;VENHA-VER;CENTRO;000735191012;DD72987;3096592;SMO-01S2;-6,31930050;-38,49117710;ALTO OESTE;OESTE-SERIDÓ
ESCOLA MUNICIPAL JOSE BERNARDO DE AQUINO;VENHA-VER;CENTRO;000448604012;DD73268;2141826;SMO-01S2;-6,32288130;-38,48854400;ALTO OESTE;OESTE-SERIDÓ
ESCOLA MUNICIPAL JOSE PESSOA DE CARVALHO;VENHA-VER;ZONA RURAL;000411349012;O74299;1319772;SMO-01S4;-6,30016740;-38,52614710;ALTO OESTE;OESTE-SERIDÓ
ESCOLA MUNICIPAL PEDRO TRAJANO TORRES;VENHA-VER;CENTRO;007005586806;R97853;3074889;SMO-01S2;-6,31734630;-38,48868090;ALTO OESTE;OESTE-SERIDÓ
CRECHE MUNICIPAL ANTÔNIO GOMES DA SILVEIRA;BREJINHO;NOVO HORIZONTE;000658403010;C12986;176384X;BJN-01N4;-6,19743690;-35,35855390;LITORAL SUL;LITORAL
ESCOLA ESTADUAL JOSÉ LÚCIO RIBEIRO;BREJINHO;CENTRO;000191053010;C12860;2042189;BJN-01N2;-6,18661270;-35,35654310;LITORAL SUL;LITORAL
ESCOLA ESTADUAL MARIA AUGUSTA DA TRINDADE;BREJINHO;CENTRO;000191089014;P29922;1826354;BJN-01N3;-6,19035280;-35,35772690;LITORAL SUL;LITORAL
ESCOLA MUNICIPAL MARIA FERREIRA DO NASCIMENTO;BREJINHO;ZONA RURAL;000192246016;P30700;2289482;BJN-01N4;-6,23637000;-35,35996830;LITORAL SUL;LITORAL
ESCOLA MUNICIPAL SENADOR DINARTE MARIZ;BREJINHO;NOVO BREJINHO;000192567017;P29948;2277820;BJN-01N3;-6,19571390;-35,36073180;LITORAL SUL;LITORAL
ESCOLA ESTADUAL SAO FRANCISCO;LAJES PINTADAS;CENTRO;000300680011;AD56962;2234758;STU-01Y8;-6,15071800;-36,11623860;SERIDO;OESTE-SERIDÓ
ESCOLA ESTADUAL VIRGILIO FURTADO;LAJES PINTADAS;CENTRO;000300729010;AD73380;2227850;STU-01Y8;-6,14886960;-36,11528780;SERIDO;OESTE-SERIDÓ
ESCOLA MUNICIPAL SANTA MARTA;LAJES PINTADAS;ZONA RURAL;000301087012;AD74101;2439896;STU-01Y8;-6,16493410;-36,09005790;SERIDO;OESTE-SERIDÓ
ESCOLA MUNICIPAL SÃO JOSÉ;LAJES PINTADAS;CENTRO;000300878016;AD72958;3072491;STU-01Y8;-6,14897150;-36,11868720;SERIDO;OESTE-SERIDÓ
ESCOLA ESTADUAL 20 DE SETEMBRO;OLHO D'ÁGUA DO BORGES;CENTRO;000255454013;T08540;3076281;RCZ-01S3;-5,95398160;-37,70917330;ALTO OESTE;OESTE-SERIDÓ
ESCOLA ESTADUAL DELZUITE MARIA SOARES DA COSTA;LAGOA SALGADA;CENTRO;000193995012;P35251;3070377;BJN-01N2;-6,12051220;-35,47996770;LITORAL SUL;LITORAL
ESCOLA ESTADUAL EDMUNDO NEVES DO NASCIMENTO;LAGOA SALGADA;CENTRO;000194274017;B16689;3122338;BJN-01N2;-6,12360950;-35,47152440;LITORAL SUL;LITORAL
ESCOLA MUNICIPAL CAFE FILHO;LAGOA SALGADA;CENTRO;000194677014;B16764;3075576;VCR-01V2;-6,11983210;-35,47309450;LITORAL SUL;LITORAL
ESCOLA MUNICIPAL MARIA DAS DORES DE BRITO;LAGOA SALGADA;CENTRO;000194255012;B16650;923050;BJN-01N2;-6,12210440;-35,47393270;LITORAL SUL;LITORAL
ESCOLA MUNICIPAL PRESIDENTE CASTELO BRANCO;LAGOA SALGADA;ZONA RURAL;007000333403;L69923;3095541;STO-01S5;-6,18451160;-35,50979730;LITORAL SUL;LITORAL
CENTRO EDUCACIONAL JOSE MARIA DE AGUIAR FILHO;MONTE ALEGRE;CENTRO;000171818010;A13552;X101870;SJM-01Z5;-6,06961580;-35,33210420;PARNAMIRIM;LITORAL
CRECHE MUNICIPAL EUGÊNIA ROCHA ALVES (ESC. MUN. VER. KERGINALDO VIEIRA;MONTE ALEGRE;CENTRO;000171887011;A13633;259236X;SJM-01Z5;-6,06931470;-35,32917770;PARNAMIRIM;LITORAL
CRECHE MUNICIPAL OLGA LAMARTINE PAIVA;MONTE ALEGRE;BAIRRO DA ESPERANCA;007006780797;V05590;3075053;SJM-01Z5;-6,07902060;-35,34356520;PARNAMIRIM;LITORAL
ESCOLA ESTADUAL VER. ANTONIO ANANIAS;MONTE ALEGRE;ZONA RURAL;007000624190;U77419;3064694;BJN-01N2;-6,14286218;-35,36587493;PARNAMIRIM;LITORAL
ESCOLA MUNICIPAL ALUÍSIO LAMARTINE PAIVA;MONTE ALEGRE;CENTRO;000171818010;A13552;X101870;SJM-01Z5;-6,06891180;-35,33179860;PARNAMIRIM;LITORAL
ESCOLA MUNICIPAL ANA GONZAGA;MONTE ALEGRE;ZONA RURAL;000797704016;P26838;1963670;SJM-01Z6;-6,05069170;-35,32029170;PARNAMIRIM;LITORAL
ESCOLA MUNICIPAL HERCULANO ESTEVAM DE ANDRADE;MONTE ALEGRE;ZONA RURAL;000234301012;P29045;3124477;SJM-01Z5;-6,08837112;-35,36404521;PARNAMIRIM;LITORAL
ESCOLA MUNICIPAL JOAO GOMES PINHEIRO;MONTE ALEGRE;ZONA RURAL;000234338013;A13512;X101776;VCR-01V3;-6,08221430;-35,38532535;PARNAMIRIM;LITORAL
ESCOLA MUNICIPAL LINDOLFO RUFINO;MONTE ALEGRE;ZONA RURAL;000234517015;P35030;8558166;BJN-01N2;-6,12146833;-35,43645937;PARNAMIRIM;LITORAL
ESCOLA MUNICIPAL PREFEITO IARANDI DE AGUIAR;MONTE ALEGRE;CENTRO;000587584018;A13347;3068071;SJM-01Z5;-6,07029800;-35,33632540;PARNAMIRIM;LITORAL
ESCOLA MUNICIPAL PREFEITO JOAO GALVAO;MONTE ALEGRE;ZONA RURAL;007000244923;P33294;1523122;BJN-01N2;-6,10895000;-35,32174170;PARNAMIRIM;LITORAL
ESCOLA MUNICIPAL PRESIDENTE MEDICI;MONTE ALEGRE;ZONA RURAL;007026525980;U90699;3116523;VCR-01V3;-6,09707040;-35,41326620;PARNAMIRIM;LITORAL
ESCOLA MUNICIPAL PROFESSOR ONOFRE LOPES;MONTE ALEGRE;ZONA RURAL;000234774018;GD3008;3113221;BJN-01N2;-6,13780907;-35,39810921;PARNAMIRIM;LITORAL
ESCOLA MUNICIPAL SANTA LUZIA;MONTE ALEGRE;ZONA RURAL;000234720015;P33089;3078827;BJN-01N2;-6,14347519;-35,36317199;PARNAMIRIM;LITORAL
ESCOLA MUNICIPAL SAO PEDRO;MONTE ALEGRE;ZONA RURAL;000234953010;P35084;2065159;BJN-01N2;-6,12256839;-35,42029600;PARNAMIRIM;LITORAL
ESCOLA MUNICIPAL JÚLIO CAVALCANTE;FELIPE GUERRA;CIDADE ALTA;000519530015;GD4071;557758;APD-01Z4;-5,59984885;-37,69326291;ALTO OESTE;OESTE-SERIDÓ
ESCOLA ESTADUAL ANTÔNIO FRANCISCO;FELIPE GUERRA;CIDADE ALTA;000519520010;MG4075;3129772;APD-01Z4;-5,60053643;-37,69310013;ALTO OESTE;OESTE-SERIDÓ
ESCOLA MUNICIPAL MARIA BERNADETE PINTO;FELIPE GUERRA;CIDADE ALTA;007001785197;M84187;2634315;APD-01Z4;-5,59576020;-37,70037690;ALTO OESTE;OESTE-SERIDÓ
ESCOLA MUNICIPAL PROFESSOR JOSÉ DO PATROCÍNIO BARRA;FELIPE GUERRA;CIDADE ALTA;000519520010;MG4075;3129772;APD-01Z4;-5,60072170;-37,69373630;ALTO OESTE;OESTE-SERIDÓ
ESCOLA ESTADUAL FRANCISCO DE ASSIS PINHEIRO;ITAÚ;CENTRO;000520743014;CE19657;3117240;RCZ-01S1;-5,84275304;-37,99346194;ALTO OESTE;OESTE-SERIDÓ
ESCOLA MUNICIPAL PROFESSOR JOSÉ PÔRTO DE QUEIRÓS;ITAÚ;CENTRO;000520282017;CE85080;3085986;RCZ-01S1;-5,83891852;-37,99016227;ALTO OESTE;OESTE-SERIDÓ
CMEI - PROFESSORA MARIA NAILZA NUNES NAZÁRIO;RODOLFO FERNANDES;CENTRO;000518791010;CE78995;2379628;RCZ-01S4;-5,79280772;-38,06007759;ALTO OESTE;OESTE-SERIDÓ
ESCOLA MUNICIPAL MARIA DE LOURDES CAVALCANTE;RODOLFO FERNANDES;CENTRO;000518360019;CE78010;3106150;RCZ-01S4;-5,79036026;-38,06243095;ALTO OESTE;OESTE-SERIDÓ
ESCOLA ESTADUAL SEVERIANO MELO;SEVERIANO MELO;CENTRO;000516992018;CE65090;218122X;APD-01Z1;-5,78153540;-37,95580610;ALTO OESTE;OESTE-SERIDÓ
ESCOLA MUNICIPAL RICARDO SERGIO DE LUCENA MELO;SEVERIANO MELO;CENTRO;000517265012;CE65326;2181214;APD-01Z1;-5,78185090;-37,95587492;ALTO OESTE;OESTE-SERIDÓ
ESCOLA MUNICIPAL ZILDA AUGUSTA DE PAIVA;SEVERIANO MELO;CENTRO;000517127019;CE18957;265999X;APD-01Z1;-5,78536794;-37,95713890;ALTO OESTE;OESTE-SERIDÓ
CENTRO SOCIAL BOA VISTA;IELMO MARINHO;BOA VISTA;000303982019;P71101;2042388;SPG-01P4;-5,82835202;-35,50043667;LITORAL NORTE;LITORAL
ESCOLA ESTADUAL IELMO MARINHO;IELMO MARINHO;CENTRO;000304194014;E15235;3112305;SPG-01P4;-5,82385522;-35,55298578;LITORAL NORTE;LITORAL
ESCOLA ESTADUAL ISOLADA DE CANTO DE MOÇA;IELMO MARINHO;CANTO DAS MOCAS;000304603011;B22888;2441549;CAM-01C5;-5,73420600;-35,47799680;LITORAL NORTE;LITORAL
ESCOLA MUNICIPAL CAMARA CASCUDO;IELMO MARINHO;NOVA DESCOBERTA;000304050012;P68897;3084993;SPG-01P4;-5,80906238;-35,52032558;LITORAL NORTE;LITORAL
ESCOLA MUNICIPAL COSTA E SILVA;IELMO MARINHO;UMARI;000304357010;E15371;3109137;SPG-01P4;-5,77880538;-35,53294798;LITORAL NORTE;LITORAL
ESCOLA MUNICIPAL JOAO PEREIRA SOBRINHO;IELMO MARINHO;CHA DO MORENO;000344463018;P22086;241358X;SGN-01S3;-5,80684076;-35,47286686;LITORAL NORTE;LITORAL
ESCOLA MUNICIPAL JOÃO VITOR DA SILVA LIMA;IELMO MARINHO;ALEGRIA;000304970014;E14785;204242X;SPG-01P5;-5,76222268;-35,59500169;LITORAL NORTE;LITORAL
ESCOLA MUNICIPAL LUCAS SIQUEIRA;IELMO MARINHO;VILA MARINA;000304528010;P71005;2042241;SPG-01P4;-5,78677061;-35,52541345;LITORAL NORTE;LITORAL
ESCOLA MUNICIPAL MARIA DE DEUS OLIVEIRA;IELMO MARINHO;LAGOA NOVA 2;000802029012;E14741;2419466;SPG-01P5;-5,74851305;-35,60988380;LITORAL NORTE;LITORAL
ESCOLA MUNICIPAL MONS. WALFREDO GURGEL;IELMO MARINHO;FAZENDA NOVA;000304922010;P63235;204415X;SPG-01P5;-5,81306480;-35,58881811;LITORAL NORTE;LITORAL
ESCOLA MUNICIPAL PROFESSORA EMILIA PROCOPIO DA SILVA;IELMO MARINHO;PACAVIRA;000691429016;E14794;3072630;SPG-01P5;-5,75953368;-35,57418275;LITORAL NORTE;LITORAL
ESCOLA MUNICIPAL PROFESSORA FRANCISCA INÁCIO DE MELO E SILVA;IELMO MARINHO;ASSENTAMENTO SAO SEBASTIAO 2;007013143824;L53726;3099833;TPU-01P5;-5,70961609;-35,52144494;LITORAL NORTE;LITORAL
ESCOLA MUNICIPAL PROFESSORA MARIA IVONE MOREIRA;IELMO MARINHO;CANTO DAS MOCAS;007024298889;L81781;3098221;CAM-01C5;-5,73909580;-35,47183470;LITORAL NORTE;LITORAL
ESCOLA MUNICIPAL REGINA PIO GONCALVES;IELMO MARINHO;BOA VISTA;000303982019;P71101;2042388;SPG-01P4;-5,82829278;-35,50078928;LITORAL NORTE;LITORAL
ESCOLA MUNICIPAL SENADOR JESSE PINTO FREIRE;IELMO MARINHO;CENTRO;000304328010;E15275;3106101;SPG-01P4;-5,82016783;-35,55256828;LITORAL NORTE;LITORAL
POSTO DE SAÚDE DE TELHA;IELMO MARINHO;TELHA B;000812049011;P68738;2036458;SPG-01P4;-5,85997360;-35,56566130;LITORAL NORTE;LITORAL
POSTO DE SAÚDE DE UMARI;IELMO MARINHO;UMARI;000304395010;P68955;1766416;SPG-01P4;-5,77546770;-35,53166360;LITORAL NORTE;LITORAL
ESCOLA ESTADUAL HENRIQUE EUFRASIO DE SANTANA;PUREZA;CENTRO;000850385246;B23651;3088835;DMA-01M2;-5,46397706;-35,55404845;LITORAL NORTE;LITORAL
ESCOLA ESTADUAL MARIA ANTONIA;PUREZA;CENTRO;000315445019;P70939;3129961;DMA-01M2;-5,46622175;-35,55731957;LITORAL NORTE;LITORAL
ESCOLA MUNICIPAL FRANCISCO DE ASSIS AMARAL ROCHA;PUREZA;ASSENTAMENTO SAO LUIZ;000851277617;P83813;2423179;ZBL-01Z1;-5,45491658;-35,72809629;LITORAL NORTE;LITORAL
ESCOLA MUNICIPAL IZABEL LUCAS DE BRITO;PUREZA;CANA BRAVA;000382631013;P75011;3077238;BCA-01S2;-5,30294375;-35,58091309;LITORAL NORTE;LITORAL
ESCOLA MUNICIPAL JARBAS PASSARINHO;PUREZA;CENTRO;000315408016;P70890;1487514;DMA-01M2;-5,46801094;-35,55689836;LITORAL NORTE;LITORAL
ESCOLA MUNICIPAL MARIA DO LIVRAMENTO;PUREZA;BEBIDA VELHA;007005145850;R77470;3071400;BCA-01S2;-5,33943355;-35,53412659;LITORAL NORTE;LITORAL
ESCOLA MUNICIPAL OLINTO PAULINO DOS SANTOS;PUREZA;POVOADO OLHO DAGUA;000316032010;D14500;2084318;DMA-01M2;-5,48956988;-35,50904305;LITORAL NORTE;LITORAL
POSTO DE SAÚDE DE ITABAIANA;PUREZA;CENTRO;000316126014;P83901;2099743;ZBL-01Z1;-5,47184480;-35,65971521;LITORAL NORTE;LITORAL
POSTO DE SAÚDE DE UMBUZEIRO;PUREZA;UMBUZEIRO;000855875977;P88039;210012X;ZBL-01Z1;-5,42524625;-35,67716457;LITORAL NORTE;LITORAL
SEDE DA ASSOCIAÇÃO CANAFISTULA;PUREZA;CANAFISTULA;000776432016;B23551;2384580;DMA-01M2;-5,44747140;-35,59402238;LITORAL NORTE;LITORAL
ESCOLA ESTADUAL ADAO MARCELO DA ROCHA;TAIPU;CENTRO;000295734019;P70521;2016122;TPU-01P2;-5,62348418;-35,59910472;LITORAL NORTE;LITORAL
ESCOLA ESTADUAL JOAQUIM NABUCO;TAIPU;CENTRO;000377419014;O64030;3127953;TPU-01P2;-5,62083228;-35,59693299;LITORAL NORTE;LITORAL
ESCOLA ESTADUAL PROFESSORA CLOTILDE DE MOURA;TAIPU;CENTRO;000295420014;P70528;1835950;TPU-01P2;-5,62151611;-35,59599000;LITORAL NORTE;LITORAL
ESCOLA MUNICIPAL ESTUDANTE MARIA DE FÁTIMA FARIAS BEZERRA;TAIPU;UMARIZEIRA;000384458017;P67385;2423315;TPU-01P5;-5,68485974;-35,56961469;LITORAL NORTE;LITORAL
ESCOLA MUNICIPAL FRANCISCO NOBRE DA COSTA;TAIPU;SERRA PELADA;000383762014;T00506;2456775;TPU-01P4;-5,67194487;-35,60058216;LITORAL NORTE;LITORAL
ESCOLA MUNICIPAL HELENA BOTELHO;TAIPU;ARISCO DOS BARBOSAS;000383654017;P70244;680113;TPU-01P4;-5,64148669;-35,60422156;LITORAL NORTE;LITORAL
ESCOLA MUNICIPAL LUCILA SOUZA DO NASCIMENTO;TAIPU;MORADA NOVA;000383930014;U75035;3112990;TPU-01P1;-5,57877359;-35,53502102;LITORAL NORTE;LITORAL
ESCOLA MUNICIPAL MARIA RODRIGUES DA SILVEIRA;TAIPU;MATAO;000853496138;A18915;3088676;TPU-01P5;-5,65648357;-35,55019117;LITORAL NORTE;LITORAL
ESCOLA MUNICIPAL PROF. CRISTINA EPAMINONDAS DE OLIVEIRA;TAIPU;INGA;000384171010;B23492;1184596;TPU-01P1;-5,53400410;-35,58520750;LITORAL NORTE;LITORAL
ESCOLA MUNICIPAL PROFESSORA FRANCISCA AVELINO;TAIPU;CENTRO;000295494018;B23260;2614325;TPU-01P1;-5,61921217;-35,59530537;LITORAL NORTE;LITORAL
POSTO DE SAÚDE DO UMARI;TAIPU;UMARI;000377424018;B23151;3110948;TPU-01P4;-5,62750416;-35,61518980;LITORAL NORTE;LITORAL
ESCOLA ESTADUAL PROFESSORA MARIA RODRIGUES GONÇALVES;ALTO DO RODRIGUES;CENTRO;007002689892;R43905;3064707;PNC-01P4;-5,29013850;-36,76210570;ASSU;OESTE-SERIDÓ
ESCOLA MUNICIPAL ANTONIO FERREIRA DAS NEVES;ALTO DO RODRIGUES;ZONA RURAL;007001363020;BE76583;295158;PNC-01P4;-5,33132000;-36,79221710;ASSU;OESTE-SERIDÓ
ESCOLA MUNICIPAL ARLINDO MARTINS;ALTO DO RODRIGUES;ZONA RURAL;007001101158;V05902;3077675;PNC-01P4;-5,32092500;-36,78038540;ASSU;OESTE-SERIDÓ
ESCOLA MUNICIPAL CHAPEUZINHO VERMELHO;ALTO DO RODRIGUES;ZONA RURAL;007001045746;T81941;3082175;PNC-01P4;-5,35227830;-36,80458670;ASSU;OESTE-SERIDÓ
ESCOLA MUNICIPAL FELIX ANTONIO DE SOUZA;ALTO DO RODRIGUES;ZONA RURAL;000313850013;BE30732;2153192;EST-01S2;-5,37753240;-36,82043380;ASSU;OESTE-SERIDÓ
ESCOLA MUNICIPAL FRANCISCO DE OLIVEIRA MELO;ALTO DO RODRIGUES;SAO FRANCISCO;000852912391;M22854;2607475;PNC-01P4;-5,29705370;-36,76154700;ASSU;OESTE-SERIDÓ
ESCOLA MUNICIPAL JOAQUIM TEREZA;ALTO DO RODRIGUES;ZONA RURAL;000791131014;BC93034;1967434;MCA-01Z1;-5,41090330;-36,53640330;ASSU;OESTE-SERIDÓ
ESCOLA MUNICIPAL JOSE PINHEIRO BARACHO;ALTO DO RODRIGUES;ZONA RURAL;000664236010;BE41807;2367460;EST-01S4;-5,39657680;-36,75790330;ASSU;OESTE-SERIDÓ
ESCOLA MUNICIPAL LUIZ MOREIRA;ALTO DO RODRIGUES;CENTRO;000378387019;V05899;3077663;PNC-01P4;-5,29397680;-36,76198380;ASSU;OESTE-SERIDÓ
ESCOLA MUNICIPAL MANOEL VENANCIO FILHO;ALTO DO RODRIGUES;ZONA RURAL;000313964019;BD60660;2153119;EST-01S4;-5,40907170;-36,71778380;ASSU;OESTE-SERIDÓ
GINASIO MONSENHOR WALFREDO GURGEL;ALTO DO RODRIGUES;CENTRO;007003170610;O57930;3126843;PNC-01P4;-5,29178340;-36,76259350;ASSU;OESTE-SERIDÓ
ESCOLA DE 2 GRAU ALCIDES WANDERLEY;CARNAUBAIS;VALDEMAR CAMPIELO;000260366017;PY13681;2394410;EST-01S2;-5,33757820;-36,83172470;ASSU;OESTE-SERIDÓ
ESCOLA ESTADUAL ADALGIZA EMIDIA COSTA;CARNAUBAIS;CENTRO;000260396013;BC25210;3123244;EST-01S2;-5,33869560;-36,83324000;ASSU;OESTE-SERIDÓ
ESCOLA MUNICIPAL ABEL ALBERTO DA FONSECA;CARNAUBAIS;JOÃO TEIXEIRA FILHO;000851872060;BC25582;3077818;EST-01S2;-5,33464110;-36,83945270;ASSU;OESTE-SERIDÓ
ESCOLA MUNICIPAL FREI DAMIAO;CARNAUBAIS;ZONA RURAL;000679460013;CB05193;2382316;SRV-01Z4;-5,18108000;-36,87734000;ASSU;OESTE-SERIDÓ
ESCOLA MUNICIPAL PADRE JOSE DE ANCHIETA;CARNAUBAIS;ZONA RURAL;007002055940;O36791;3123303;EST-01S2;-5,35008590;-36,83485740;ASSU;OESTE-SERIDÓ
GRUPO ESCOLAR PRINCESA ISABEL;CARNAUBAIS;ZONA RURAL;007001230152;O57727;3102823;PNC-01P3;-5,26932240;-36,80299570;ASSU;OESTE-SERIDÓ
CENTRO DE REFERÊNCIA DA ASSISTÊNCIA SOCIAL;PENDÊNCIAS;ZONA RURAL;000310601012;BE1506X;2395744;PNC-01P5;-5,23336120;-36,71548970;ASSU;OESTE-SERIDÓ
ESCOLA ESTADUAL LUIZ GONZAGA;PENDÊNCIAS;CENTRO;000309616014;U64411;3109857;PNC-01P5;-5,25532530;-36,71914670;ASSU;OESTE-SERIDÓ
ESCOLA ESTADUAL MONSENHOR HONORIO;PENDÊNCIAS;CIDADE NOVA;000310335010;BD14216;2422809;PNC-01P5;-5,25849930;-36,71660950;ASSU;OESTE-SERIDÓ
ESCOLA ESTADUAL PEDRO ALVES DE MEDEIROS;PENDÊNCIAS;PENDENCIAS DO MEIO;000378183014;U57679;3114923;PNC-01P3;-5,25974770;-36,72261720;ASSU;OESTE-SERIDÓ
ESCOLA MUNICIPAL ANTONIO MARTINS RAMOS;PENDÊNCIAS;ZONA RURAL;000370340013;BF08599;29701X;MCA-01Z1;-5,22454380;-36,56230680;ASSU;OESTE-SERIDÓ
ESCOLA MUNICIPAL JOÃO FELIPE;PENDÊNCIAS;ZONA RURAL;007016175042;BE77655;2008111;PNC-01P2;-5,36730850;-36,61543580;ASSU;OESTE-SERIDÓ
ESCOLA MUNICIPAL MANOEL ALVES BEZERRA;PENDÊNCIAS;ZONA RURAL;000370033013;BE70445;29296X;MCA-01Z1;-5,35157880;-36,54043150;ASSU;OESTE-SERIDÓ
ESCOLA MUNICIPAL PROFESSORA MARIA DO ROSARIO FREIRE;PENDÊNCIAS;CONJUNTO SAO JOAO BATISTA;000370564019;BD1521X;3080297;PNC-01P5;-5,26153090;-36,71050220;ASSU;OESTE-SERIDÓ
ESCOLA MUNICIPAL SEBASTIAO FERREIRA;PENDÊNCIAS;ZONA RURAL;007000999223;BE92846;3102816;PNC-01P5;-5,19947000;-36,70152000;ASSU;OESTE-SERIDÓ
CMEI - PROFESSORA RAIMUNDA SOARES DE FREITAS;GOVERNADOR DIX-SEPT ROSADO;CENTRO;000531059018;CC53542;2351597;DSR-01S4;-5,45889000;-37,51882170;MOSSORO;OESTE-SERIDÓ
ESCOLA ESTADUAL JERONIMO ROSADO;GOVERNADOR DIX-SEPT ROSADO;CENTRO;000507461018;CC60701;3072265;DSR-01S5;-5,45835330;-37,52162670;MOSSORO;OESTE-SERIDÓ
ESCOLA ESTADUAL MANOEL JOAQUIM;GOVERNADOR DIX-SEPT ROSADO;CENTRO;000531420012;PY17212;3077597;DSR-01S4;-5,46199970;-37,51890200;MOSSORO;OESTE-SERIDÓ
ESCOLA MUNICIPAL EDUCANDARIO DIX SEPTIENSE;GOVERNADOR DIX-SEPT ROSADO;CENTRO;000507332013;CC62384;2004599;DSR-01S6;-5,45581670;-37,52222170;MOSSORO;OESTE-SERIDÓ
ESCOLA MUNICIPAL ISAURA ROSADO;GOVERNADOR DIX-SEPT ROSADO;CENTRO;000530990010;CC60937;1446567;DSR-01S4;-5,45918218;-37,51999881;MOSSORO;OESTE-SERIDÓ
CAMARA MUNICIPAL DE VEREADORES DE TIBAU;TIBAU;CENTRO;000509321019;CB71025;3095218;GNR-01N1;-4,83683040;-37,25728934;MOSSORO;OESTE-SERIDÓ
CRECHE MUNICIPAL SANTA TEREZINHA;TIBAU;CENTRO;000509709017;U27774;3103776;GNR-01N1;-4,83666770;-37,25988423;MOSSORO;OESTE-SERIDÓ
ESCOLA ESTADUAL DINARTE MARIZ;TIBAU;CENTRO;000509025010;U71251;3078917;GNR-01N1;-4,83791667;-37,25274333;MOSSORO;OESTE-SERIDÓ
ESCOLA ESTADUAL RUI BARBOSA;TIBAU;CENTRO;000533719015;CB7259X;3103031;GNR-01N1;-4,84308000;-37,25458833;MOSSORO;OESTE-SERIDÓ
ESCOLA MUNICIPAL SAGRADO CORACAO DE JESUS;TIBAU;CENTRO;000509227012;CD82910;3078913;GNR-01N1;-4,83548333;-37,25547667;MOSSORO;OESTE-SERIDÓ
GANGORRA - ESCOLA MUNICIPAL IDELZUITE FERNANDES;TIBAU;ZONA RURAL;000645863011;N02956;196516X;GNR-01N1;-4,94263500;-37,30619333;MOSSORO;OESTE-SERIDÓ
CENTRO DE CONVENÇÕES FRANCISCO ALEX DE OLIVEIRA NETO;UPANEMA;CENTRO;000511880017;T76805;3085754;DSR-01S2;-5,64503630;-37,25899010;MOSSORO;OESTE-SERIDÓ
CENTRO MUNICIPAL DE EDUCAÇÃO INFANTIL PROF. SEVERINO RAMOS M. DE MOURA;UPANEMA;PEGAS;000515632018;L48421;248040X;DSR-01S2;-5,64429603;-37,26339014;MOSSORO;OESTE-SERIDÓ
ESCOLA ESTADUAL PROF ALFREDO SIMONETTE;UPANEMA;CENTRO;000515331018;T42000;3080755;DSR-01S2;-5,64052670;-37,26022170;MOSSORO;OESTE-SERIDÓ
ESCOLA ESTADUAL PROFESSOR JOSE CALAZANS FREIRE;UPANEMA;CENTRO;000511909023;CC96811;3083569;DSR-01S2;-5,64098500;-37,25821670;MOSSORO;OESTE-SERIDÓ
ESCOLA EVANGÉLICA PROFESSOR JOSÉ INÁCIO DA COSTA;UPANEMA;CENTRO;000511909023;CC96811;3083569;DSR-01S2;-5,64138930;-37,25900280;MOSSORO;OESTE-SERIDÓ
ESCOLA MUNICIPAL PROFA. MARIA GORETE DE CARVALHO MACEDO;UPANEMA;PEGAS;007007285730;T21400;3132250;DSR-01S2;-5,64416670;-37,26622000;MOSSORO;OESTE-SERIDÓ
FUNDO MUNICIPAL DE ASSISTÊNCIA SOCIAL;UPANEMA;CENTRO;007026333150;T69300;3126546;DSR-01S2;-5,63814291;-37,26024757;MOSSORO;OESTE-SERIDÓ
SECRETARIA DE AÇÃO SOCIAL;UPANEMA;CENTRO;007026333150;T69300;3126546;DSR-01S2;-5,63835500;-37,26007670;MOSSORO;OESTE-SERIDÓ
CENTRO ESTADUAL DE EDUCAÇÃO LOURDINHA GUERRA - CEEP LURDINHA GUERRA;PARNAMIRIM;NOVA PARNAMIRIM;007003770316;V04804;3069817;NEO-01N8;-5,87392830;-35,21920830;PARNAMIRIM;LITORAL
CENTRO INFANTIL MUNICIPAL DONA LIQUINHA ALVES;PARNAMIRIM;PIRANGI DO NORTE - DISTRITO LITORAL;000189947011;B13302;3066834;LTS-01Y1;-5,97003380;-35,13371600;PARNAMIRIM;LITORAL
COLÉGIO CEI ZONA SUL;PARNAMIRIM;NOVA PARNAMIRIM;000576434014;F8148;3020365;JQI-01S6;-5,87864700;-35,21655670;PARNAMIRIM;LITORAL
COLÉGIO CONTEMPORÂNEO;PARNAMIRIM;NOVA PARNAMIRIM;007025473773;V01538;3043707;JQI-01S3;-5,89325000;-35,19719630;PARNAMIRIM;LITORAL
COLÉGIO E CURSO OVER;PARNAMIRIM;NOVA PARNAMIRIM;007005631143;X01696;3033678;NEO-01N8;-5,87940000;-35,20747870;PARNAMIRIM;LITORAL
COLÉGIO SALESIANO DOM BOSCO;PARNAMIRIM;NOVA PARNAMIRIM;007015191974;V03255;3051592;JQI-01S7;-5,89312830;-35,19874830;PARNAMIRIM;LITORAL
COLÉGIO TERESA;PARNAMIRIM;NOVA PARNAMIRIM;000852117001;N13808;3036862;JQI-01S3;-5,88217500;-35,20164170;PARNAMIRIM;LITORAL
ESCOLA ESTADUAL DOM NIVALDO MONTE;PARNAMIRIM;EMAUS;000851096132;V09817;3114510;PNA-01P2;-5,88132670;-35,23866500;PARNAMIRIM;LITORAL
ESCOLA ESTADUAL EM TEMPO INTEGRAL DR. ANTONIO DE SOUZA;PARNAMIRIM;COHABINAL;007026128689;N20083;3116521;PSA-01C2;-5,92538000;-35,26684330;PARNAMIRIM;LITORAL
ESCOLA ESTADUAL MARIA CRISTINA;PARNAMIRIM;BOA ESPERANCA;000207362018;J02464;3093745;PNA-01P5;-5,92671390;-35,26067630;PARNAMIRIM;LITORAL
ESCOLA ESTADUAL PRESIDENTE ROOSEVELT;PARNAMIRIM;CENTRO;000851976450;P01499;3130015;JPC-01J1;-5,94711160;-35,25078220;PARNAMIRIM;LITORAL
ESCOLA ESTADUAL PROF ELIAH MAIA DO REGO;PARNAMIRIM;BOA ESPERANCA;000207335010;J02415;3079197;PNA-01P5;-5,92368170;-35,26030650;PARNAMIRIM;LITORAL
ESCOLA ESTADUAL PROFESSOR ANTÔNIO BASILIO FILHO;PARNAMIRIM;COHABINAL;000169909016;G8799;3118289;PSA-01C2;-5,92399670;-35,26638000;PARNAMIRIM;LITORAL
ESCOLA ESTADUAL PROFESSOR APOLINÁRIO BARBOSA;PARNAMIRIM;PIRANGI DO NORTE - DISTRITO LITORAL;007023981160;V10572;3120139;LTS-01Y4;-5,97324000;-35,13240830;PARNAMIRIM;LITORAL
ESCOLA ESTADUAL PROFESSORA MARIA ARAÚJO;PARNAMIRIM;PIUM - DISTRITO LITORAL;000188539017;B13805;3131125;LTS-01Y1;-5,94930000;-35,15939170;PARNAMIRIM;LITORAL
ESCOLA ESTADUAL ROBERTO RODRIGUES KRAUSE;PARNAMIRIM;SANTOS REIS;000205785019;H00600;3038304;PSA-01C2;-5,91541370;-35,27507730;PARNAMIRIM;LITORAL
ESCOLA ESTADUAL SANTOS DUMONT;PARNAMIRIM;JARDIM PLANALTO;007020962903;P02434;3023083;PNA-01P3;-5,92041500;-35,25709170;PARNAMIRIM;LITORAL
ESCOLA MUNICIPAL ADMINISTRADOR JOSAFÁ SISINO MACHADO;PARNAMIRIM;EMAUS;000622321017;F3229;2080355;PNA-01P2;-5,88803670;-35,24974670;PARNAMIRIM;LITORAL
ESCOLA MUNICIPAL AUGUSTO SEVERO;PARNAMIRIM;CENTRO;007018642055;V09243;3108743;PNA-01P5;-5,91689860;-35,26234400;PARNAMIRIM;LITORAL
ESCOLA MUNICIPAL BRIGADEIRO EDUARDO GOMES;PARNAMIRIM;NOVA PARNAMIRIM;007021167287;M39051;3048710;JPC-01J1;-5,92812560;-35,26577220;PARNAMIRIM;LITORAL
ESCOLA MUNICIPAL CÍCERO DE SOUZA MELO;PARNAMIRIM;SANTA TEREZA;000210231021;H00696;2068872;PSA-01C3;-5,91883330;-35,28164830;PARNAMIRIM;LITORAL
ESCOLA MUNICIPAL CÍVICO-MILITAR SENADOR CARLOS ALBERTO DE SOUZA;PARNAMIRIM;PASSAGEM DE AREIA;000208644017;H01582;2075057;PSA-01C2;-5,91555850;-35,27768350;PARNAMIRIM;LITORAL
ESCOLA MUNICIPAL DESEMBARGADOR SILVINO BEZERRA NETO;PARNAMIRIM;SANTA TEREZA;000211653019;J01112;3066221;JPC-01J2;-5,92788580;-35,28416590;PARNAMIRIM;LITORAL
ESCOLA MUNICIPAL DR. SADI MENDES SOBREIRA;PARNAMIRIM;NOVA PARNAMIRIM;000080805012;N77165;3020606;JQI-01S7;-5,88140670;-35,20937330;PARNAMIRIM;LITORAL
ESCOLA MUNICIPAL EMÉRITO NESTOR LIMA;PARNAMIRIM;PASSAGEM DE AREIA;007011639075;L07125;3089082;PSA-01C3;-5,91533170;-35,28309670;PARNAMIRIM;LITORAL
ESCOLA MUNICIPAL FRANCISCA BEZERRA DE SOUZA;PARNAMIRIM;LIBERDADE;000214242010;MG2371;3033285;PNA-01P3;-5,92592670;-35,24698350;PARNAMIRIM;LITORAL
ESCOLA MUNICIPAL FRANCISCA DE CANINDE AVELINO BATISTA;PARNAMIRIM;PARQUE DE EXPOSIçõES;000203905017;J02025;3022844;PNA-01P3;-5,90567340;-35,25738490;PARNAMIRIM;LITORAL
ESCOLA MUNICIPAL HISTORIADOR HÉLIO MAMEDE GALVÃO;PARNAMIRIM;VALE DO SOL;000211221011;J00966;3097107;JPC-01J2;-5,93351470;-35,27977210;PARNAMIRIM;LITORAL
ESCOLA MUNICIPAL JACIRA MEDEIROS DE SOUZA SILVA LIMA;PARNAMIRIM;NOVA ESPERANÇA;000854385283;M41996;3043272;JPC-01J4;-5,94429170;-35,28984000;PARNAMIRIM;LITORAL
ESCOLA MUNICIPAL JOÃO GOMES DA COSTA NETO;PARNAMIRIM;LIBERDADE;000214063018;H02320;3076907;PNA-01P3;-5,93119830;-35,23912670;PARNAMIRIM;LITORAL
ESCOLA MUNICIPAL JOSÉ FERNANDES;PARNAMIRIM;MONTE CASTELO;000213687018;H00260;2068757;PNA-01P7;-5,90416500;-35,26810000;PARNAMIRIM;LITORAL
ESCOLA MUNICIPAL MANOEL MACHADO;PARNAMIRIM;EMAUS;000667163013;F3291;3042373;PNA-01P2;-5,88071500;-35,25052170;PARNAMIRIM;LITORAL
ESCOLA MUNICIPAL MARIA DO CÉU FERNANDES;PARNAMIRIM;SANTOS REIS;000854387685;M01178;3044779;PSA-01C2;-5,91560500;-35,27208500;PARNAMIRIM;LITORAL
ESCOLA MUNICIPAL MARIA FERNANDES SARAIVA;PARNAMIRIM;BELA PARNAMIRIM;000689504019;J01449;3023701;PSA-01C3;-5,91530510;-35,28945780;PARNAMIRIM;LITORAL
ESCOLA MUNICIPAL MARIA FRANCINETE GONÇALVES MAIA;PARNAMIRIM;NOVA PARNAMIRIM;000850380864;E6787;3021002;JQI-01S4;-5,89748330;-35,20351670;PARNAMIRIM;LITORAL
ESCOLA MUNICIPAL MAURA DE MORAES CRUZ;PARNAMIRIM;EMAUS;000203268017;H02445;3120713;PNA-01P4;-5,89373170;-35,23529330;PARNAMIRIM;LITORAL
ESCOLA MUNICIPAL NEILZA GOMES DE FIGUEIREDO;PARNAMIRIM;JARDIM PLANALTO;000206521015;P02047;302333X;PNA-01P5;-5,92965170;-35,25673170;PARNAMIRIM;LITORAL
ESCOLA MUNICIPAL NOSSA SENHORA DA GUIA;PARNAMIRIM;EMAUS;000203256019;F5291;3072274;PNA-01P4;-5,88795170;-35,23125000;PARNAMIRIM;LITORAL
ESCOLA MUNICIPAL OSMUNDO FARIAS;PARNAMIRIM;PASSAGEM DE AREIA;000212721018;GD1205;2069394;PSA-01C2;-5,90931330;-35,27505170;PARNAMIRIM;LITORAL
ESCOLA MUNICIPAL POETA LUIZ CARLOS GUIMARÃES;PARNAMIRIM;NOVA PARNAMIRIM;000792032010;F8615;3101422;JQI-01S6;-5,89137170;-35,21008670;PARNAMIRIM;LITORAL
ESCOLA MUNICIPAL PRESIDENTE ARTHUR DA COSTA E SILVA;PARNAMIRIM;CENTRO;000205370013;J02324;3107025;PSA-01C1;-5,92031200;-35,26395860;PARNAMIRIM;LITORAL
ESCOLA MUNICIPAL PROF HOMERO DE OLIVEIRA DANTAS;PARNAMIRIM;BOA ESPERANCA;000766207014;L77862;3097663;PNA-01P5;-5,93001500;-35,25932000;PARNAMIRIM;LITORAL
ESCOLA MUNICIPAL PROFA IVANIRA DE VASCONCELOS PAISINHO;PARNAMIRIM;COHABINAL;000855059240;J00363;3021374;PSA-01C1;-5,92410670;-35,26529000;PARNAMIRIM;LITORAL
ESCOLA MUNICIPAL PROFESSOR ANTONIO BASILIO FILHO;PARNAMIRIM;PASSAGEM DE AREIA;000210008012;H00642;2075036;PSA-01C4;-5,91457500;-35,27973500;PARNAMIRIM;LITORAL
ESCOLA MUNICIPAL PROFESSOR EDMO PINHEIRO PINTO;PARNAMIRIM;CAJUPIRANGA;000850627134;P01490;3069934;JPC-01J1;-5,94499330;-35,25053000;PARNAMIRIM;LITORAL
ESCOLA MUNICIPAL PROFESSOR JUSSIER SANTOS;PARNAMIRIM;SANTA TEREZA;000242390016;GD3769;3023612;JPC-01J2;-5,93353830;-35,28994000;PARNAMIRIM;LITORAL
ESCOLA MUNICIPAL PROFESSOR LUIS MARANHAO FILHO;PARNAMIRIM;VIDA NOVA;000714264010;P00712;3021531;PNA-01P7;-5,89963500;-35,26836000;PARNAMIRIM;LITORAL
ESCOLA MUNICIPAL PROFESSORA ALZELINA DE SENA VALENÇA;PARNAMIRIM;ROSA DOS VENTOS;007023449212;O28327;3121541;PSA-01C2;-5,92425000;-35,27616170;PARNAMIRIM;LITORAL
ESCOLA MUNICIPAL PROFESSORA ENEDINA EDUARDO DO NASCIMENTO;PARNAMIRIM;VALE DO SOL;000208086014;J00645;2074027;JPC-01J3;-5,93135830;-35,27406330;PARNAMIRIM;LITORAL
ESCOLA MUNICIPAL PROFESSORA EULINA AUGUSTO DE ALMEIDA;PARNAMIRIM;NOVA ESPERANÇA;000214836017;B10763;3072629;JPC-01J2;-5,95049330;-35,28109170;PARNAMIRIM;LITORAL
ESCOLA MUNICIPAL PROFESSORA EVA LÚCIA BEZERRA DE MENDONÇA;PARNAMIRIM;PARQUE DE EXPOSIçõES;000695218010;J01962;211771X;PNA-01P3;-5,89683000;-35,26141170;PARNAMIRIM;LITORAL
ESCOLA MUNICIPAL PROFESSORA FRANCISCA FERNANDES DA ROCHA;PARNAMIRIM;MONTE CASTELO;000204838011;H01319;2069001;PSA-01C1;-5,91078830;-35,26763500;PARNAMIRIM;LITORAL
ESCOLA MUNICIPAL PROFESSORA IRENE SOARES DA SILVA;PARNAMIRIM;MONTE CASTELO;000204534012;H00349;218085X;PNA-01P7;-5,90749670;-35,26848330;PARNAMIRIM;LITORAL
ESCOLA MUNICIPAL PROFESSORA IRIS DE ALMEIDA MATOS;PARNAMIRIM;MONTE CASTELO;007010318178;V08146;3096048;PNA-01P5;-5,90371680;-35,26595340;PARNAMIRIM;LITORAL
ESCOLA MUNICIPAL RAIMUNDA MARIA DA CONCEIÇÃO;PARNAMIRIM;COTOVELO - DISTRITO LITORAL;000851480102;N60845;3111456;LTS-01Y4;-5,95465000;-35,15454500;PARNAMIRIM;LITORAL
IFRN - INSTITUTO FEDERAL DE EDUCAÇÃO - CAMPUS PARNAMIRIM;PARNAMIRIM;NOVA ESPERANÇA;007003488777;T90142;3067864;JPC-01J1;-5,93899500;-35,26577170;PARNAMIRIM;LITORAL
CENTRO EDUCACIONAL PROFESSOR PAULO HELTON DANTAS DE MELO;SÃO GONÇALO DO AMARANTE;JARDIM LOLA;000371670017;C0179;3003046;IGA-01Z8;-5,77780810;-35,25277600;NATAL NORTE;LITORAL
CENTRO ESTADUAL DE EDUCAÇÃO PROFISSIONAL DR. RUY PEREIRA DOS SANTOS;SÃO GONÇALO DO AMARANTE;NOVO AMARANTE;007012459038;V07398;3090094;IGA-01Z4;-5,77327820;-35,28054290;NATAL NORTE;LITORAL
CRECHE MUNICIPAL MARIA LALÁ DA COSTA;SÃO GONÇALO DO AMARANTE;SANTO ANTONIO DO POTENGI;007003627742;R13836;2664418;SGN-01S5;-5,78959130;-35,30291190;NATAL NORTE;LITORAL
CRECHE MUNICIPAL MARIA ODETE DA SILVA;SÃO GONÇALO DO AMARANTE;COMUNIDADE DE POÇO DE PEDRA;000852336706;T71588;3084452;SGN-01S3;-5,80231330;-35,43390470;NATAL NORTE;LITORAL
CRECHE PADRE TIAGO THEISEN;SÃO GONÇALO DO AMARANTE;JARDINS;000038768018;N43006;3038236;EXT-01Y8;-5,75493830;-35,29399830;NATAL NORTE;LITORAL
CRECHE PROFESSORA AIDA DOS SANTOS;SÃO GONÇALO DO AMARANTE;JARDIM LOLA;000169510016;C0099;3072647;IGA-01Z8;-5,77569740;-35,25861990;NATAL NORTE;LITORAL
EDUCANDÁRIO AMARANTE;SÃO GONÇALO DO AMARANTE;AMARANTE;000374061011;D0708;3000401;IGA-01Z2;-5,77503940;-35,27249240;NATAL NORTE;LITORAL
ESCOLA ESTADUAL JOSE MOACIR DE OLIVEIRA;SÃO GONÇALO DO AMARANTE;SANTA TEREZINHA;000852213175;N16243;3075426;SGN-01S2;-5,78345830;-35,32865830;NATAL NORTE;LITORAL
ESCOLA MUNICIPAL ALFREDO MESQUITA FILHO;SÃO GONÇALO DO AMARANTE;COMUNIDADE DE ALAGADIÇO GRANDE;007000320778;GD1862;3025426;SGN-01S3;-5,82577010;-35,41269990;NATAL NORTE;LITORAL
ESCOLA MUNICIPAL DE ENSINO FUNDAMENTAL POTY CAVALCANTI;SÃO GONÇALO DO AMARANTE;NOVO AMARANTE;000364849010;D0514;300058X;IGA-01Z3;-5,77641860;-35,27784820;NATAL NORTE;LITORAL
ESCOLA MUNICIPAL DJALMA MARINHO;SÃO GONÇALO DO AMARANTE;GUAJIRU;000377546016;L65133;3002744;SGN-01S4;-5,75591330;-35,31151970;NATAL NORTE;LITORAL
ESCOLA MUNICIPAL DR VARELA BARCA;SÃO GONÇALO DO AMARANTE;COMUNIDADE DE BARREIROS;000365541019;M33685;2038654;IGA-01Z3;-5,79168100;-35,28719890;NATAL NORTE;LITORAL
ESCOLA MUNICIPAL ISABEL DA SILVEIRA LUNA;SÃO GONÇALO DO AMARANTE;COMUNIDADE DE LADEIRA GRANDE;000354869012;P22129;1182835;SGN-01S3;-5,83497330;-35,46586330;NATAL NORTE;LITORAL
ESCOLA MUNICIPAL JESSICA DEBORA DE MELO BEZERRA;SÃO GONÇALO DO AMARANTE;GUANDUBA;000342895018;P15527;2731981;SGN-01S3;-5,80284990;-35,35581650;NATAL NORTE;LITORAL
ESCOLA MUNICIPAL JOAQUIM INÊS DO NASCIMENTO;SÃO GONÇALO DO AMARANTE;COMUNIDADE DE PAJUÇARA;000344126011;P21064;1512157;MCB-01M5;-5,83426990;-35,32754950;NATAL NORTE;LITORAL
ESCOLA MUNICIPAL JOAQUIM VICTOR DE HOLLANDA;SÃO GONÇALO DO AMARANTE;COMUNIDADE DE URUAÇU;007003708076;R46002;3067570;MCB-01M5;-5,81897990;-35,31296950;NATAL NORTE;LITORAL
ESCOLA MUNICIPAL JONAS ESCOLASTICO;SÃO GONÇALO DO AMARANTE;OLHO D'AGUA DOS CARRILHOS;000576220014;M24865;3002676;IGA-01Z4;-5,76629300;-35,29012130;NATAL NORTE;LITORAL
ESCOLA MUNICIPAL LEONEL MESQUITA;SÃO GONÇALO DO AMARANTE;COMUNIDADE DE RIO DA PRATA;007000292260;P18895;393279;SGN-01S3;-5,83990170;-35,38317000;NATAL NORTE;LITORAL
ESCOLA MUNICIPAL LUIZ DE FRANÇA LIMA;SÃO GONÇALO DO AMARANTE;COMUNIDADE DE SERRINHA;000343684010;M30950;2071356;CAM-01C7;-5,74643850;-35,44580590;NATAL NORTE;LITORAL
ESCOLA MUNICIPAL MARIA JOSE JUDITE;SÃO GONÇALO DO AMARANTE;COMUNIDADE DE COQUEIROS;000344055017;B12110;1512220;MCB-01M5;-5,80514000;-35,31339240;NATAL NORTE;LITORAL
ESCOLA MUNICIPAL MARIA RUFINA DE LIMA;SÃO GONÇALO DO AMARANTE;MAÇARANDUBA;000670238016;L81118;3093626;CAM-01C7;-5,73799570;-35,36991860;NATAL NORTE;LITORAL
ESCOLA MUNICIPAL PROFA MARIA DE LOURDES DE SOUZA;SÃO GONÇALO DO AMARANTE;COMUNIDADE DE BELA VISTA;000853672246;P22260;3072589;SGN-01S3;-5,79638260;-35,41423440;NATAL NORTE;LITORAL
ESCOLA MUNICIPAL PROFA MARIA NEVES DA SILVA;SÃO GONÇALO DO AMARANTE;AMARANTE;000373698016;A4211;3069952;IGA-01Z9;-5,77692150;-35,27200990;NATAL NORTE;LITORAL
ESCOLA MUNICIPAL PROFESSOR DAMIAO JANUARIO DE LIMA;SÃO GONÇALO DO AMARANTE;COMUNIDADE DE IGREJA NOVA;000344533016;P22036;1518238;SGN-01S3;-5,81699750;-35,44865270;NATAL NORTE;LITORAL
ESCOLA UNIVERSIDADE DA CRIANÇA;SÃO GONÇALO DO AMARANTE;REGOMOLEIRO;000366638016;P17102;3133186;IGA-01Z3;-5,78538040;-35,28335630;NATAL NORTE;LITORAL
UNIDADE PRÓ INFÂNCIA PROFESSORA RITA FIRMO DE SOUZA;OLHO D'ÁGUA DO BORGES;CENTRO;007006323140;V05125;3072131;RCZ-01S3;-5,95940170;-37,69975170;ALTO OESTE;OESTE-SERIDÓ
ESCOLA ESTADUAL GODOFREDO CACHO;CAIÇARA DO NORTE;CENTRO;007020815455;U28379;3116450;SBN-01S3;-5,06310890;-36,04697740;LITORAL NORTE;LITORAL
ESCOLA MUNICIPAL EMANOEL BEZERRA DOS SANTOS;CAIÇARA DO NORTE;CENTRO;000370770018;P86057;3130030;SBN-01S3;-5,06441850;-36,05679160;LITORAL NORTE;LITORAL
ESCOLA MUNICIPAL PROFESSOR CAZUZA;CAIÇARA DO NORTE;CENTRO;007007238376;V05776;3076560;SBN-01S3;-5,06275280;-36,05005870;LITORAL NORTE;LITORAL
ESCOLA MUNICIPAL PROFESSORA MARIA SEVERINA DOS SANTOS;CAIÇARA DO NORTE;ZONA RURAL;000371293019;P81595;2121134;JDR-01L1;-5,25227500;-36,11618000;LITORAL NORTE;LITORAL
ESCOLA MUNICIPAL JOSÉ AFONSO TINOCO;GALINHOS;ZONA RURAL;000326780014;E17414;3107795;SBN-01S4;-5,09809500;-36,24043670;LITORAL NORTE;LITORAL
ESCOLA MUNICIPAL LIRIO DO VALE;GALINHOS;ZONA RURAL;000763117014;A21138;2404685;JDR-01L4;-5,20874000;-36,14564000;LITORAL NORTE;LITORAL
ESCOLA MUNICIPAL PROFESSOR FREITAS;GALINHOS;CENTRO;000326553018;U43538;3111996;SBN-01S4;-5,09147500;-36,27416170;LITORAL NORTE;LITORAL
ESCOLA ESTADUAL JESSÉ PINTO FREIRE;PARAZINHO;CENTRO;000575666019;P85728;2104365;ZBL-01Z3;-5,23142670;-35,84287330;LITORAL NORTE;LITORAL
ESCOLA MUNICIPAL ALEXANDRE CAMARA;PARAZINHO;ZONA RURAL;000325468025;E16894;3128256;SBN-01S1;-5,28036240;-35,98428190;LITORAL NORTE;LITORAL
ESCOLA MUNICIPAL PROFESSORA MARIA DE FÁTIMA DANTAS;PARAZINHO;CENTRO;000324947019;D15852;2415629;ZBL-01Z3;-5,22458830;-35,83829670;LITORAL NORTE;LITORAL
ESCOLA MUNICIPAL TANCREDO NEVES;PARAZINHO;CENTRO;000325037016;P85704;210435X;ZBL-01Z3;-5,22852850;-35,84220840;LITORAL NORTE;LITORAL
CMEI - CENTRO MUNICIPAL DE EDUCAÇÃO INFANTIL ADELAIDE EULÁLIA FERREIRA;PEDRA GRANDE;CENTRO;007005704965;R77491;3071404;SBN-01S1;-5,15299690;-35,87599170;LITORAL NORTE;LITORAL
ESCOLA MUNICIPAL AIDA GOMES BEZERRA;PEDRA GRANDE;CENTRO;000325666013;P79885;2635193;SBN-01S1;-5,15130830;-35,87549830;LITORAL NORTE;LITORAL
ESCOLA MUNICIPAL DE ENSINO FUNDAMENTAL JOAQUIM FAUSTINO DE SOUZA;PEDRA GRANDE;ZONA RURAL;000325981016;O96858;3134930;SBN-01S1;-5,07066830;-35,85075330;LITORAL NORTE;LITORAL
ESCOLA MUNICIPAL PROFESSORA BERENICE BANDEIRA DE MELO;PEDRA GRANDE;ZONA RURAL;000325933011;C23180;2104056;ZBL-01Z3;-5,12006170;-35,84281330;LITORAL NORTE;LITORAL
ESCOLA MUNICIPAL ANITA CHACON;SÃO BENTO DO NORTE;CENTRO;000326865010;O49105;2108129;SBN-01S5;-5,06653830;-36,04169500;LITORAL NORTE;LITORAL
ESCOLA MUNICIPAL JOAQUIM CORDEIRO;SÃO BENTO DO NORTE;ZONA RURAL;000371175016;E16825;2103623;SBN-01S1;-5,16411000;-35,93784830;LITORAL NORTE;LITORAL
ESCOLA MUNICIPAL ROSA INACIO;SÃO BENTO DO NORTE;ZONA RURAL;000636540013;P73901;2107963;SBN-01S1;-5,07675830;-35,93864170;LITORAL NORTE;LITORAL
ESCOLA MUNICIPAL SANTA VITORIA;SÃO BENTO DO NORTE;ZONA RURAL;000745537014;E16889;2103686;SBN-01S1;-5,22556000;-35,98902330;LITORAL NORTE;LITORAL
TELECENTRO COMUNITÁRIO;SÃO BENTO DO NORTE;ZONA RURAL;000850681279;;2227625;SBN-01S1;-5,10941170;-35,97838000;LITORAL NORTE;LITORAL
CMEI - ESTRADA DO FUTURO;BOA SAÚDE;CENTRO;000195340013;B19616;3129135;ELS-01S4;-6,15876830;-35,60266170;LITORAL SUL;LITORAL
ESCOLA ESTADUAL MARIA DO ROSÁRIO BEZERRA;BOA SAÚDE;CENTRO;000195256012;P53017;3116270;ELS-01S4;-6,15985330;-35,59930500;LITORAL SUL;LITORAL
ESCOLA MUNICIPAL CHICÓ MARIA;BOA SAÚDE;ZONA RURAL;000195669015;P53617;3089647;ELS-01S1;-6,10179000;-35,54820000;LITORAL SUL;LITORAL
ESCOLA MUNICIPAL JESSE PINTO FREIRE;BOA SAÚDE;CENTRO;000195323011;P53011;3125951;ELS-01S4;-6,15806170;-35,60319830;LITORAL SUL;LITORAL
ESCOLA ESTADUAL ERONDINA CALDAS;SERRA CAIADA;CENTRO;000292165013;P44016;2048861;TGA-01Z4;-6,10439360;-35,71323920;LITORAL SUL;LITORAL
ESCOLA MUNICIPAL EUCLIDES LINS DE OLIVEIRA;SERRA CAIADA;B. DA SAUDADE;000292358016;P44030;2048877;TGA-01Z4;-6,09980830;-35,71088670;LITORAL SUL;LITORAL
ESCOLA MUNICIPAL FRANCISCO HERMÍNIO FERREIRA DA SILVA;SERRA CAIADA;CENTRO;000387858016;O68020;3127219;TGA-01Z4;-6,10557900;-35,71060790;LITORAL SUL;LITORAL
ESCOLA MUNICIPAL MANOEL FELIPE DOS ANJOS;SERRA CAIADA;CENTRO;000387634010;O55465;3126887;TGA-01Z4;-6,10422330;-35,71104670;LITORAL SUL;LITORAL
ESCOLA MUNICIPAL MARLENE VITORIANO DE SOUZA;SERRA CAIADA;CENTRO;000292358016;P44030;2048877;TGA-01Z4;-6,10002000;-35,71078170;LITORAL SUL;LITORAL
ESCOLA ESTADUAL JOSÉ NUNES DE CARVALHO;SÍTIO NOVO;CENTRO;000320667011;P41440;2098996;TGA-01Z3;-6,10739660;-35,91345610;LITORAL SUL;LITORAL
ESCOLA MUNICIPAL FRANCISCA LUCAS;SÍTIO NOVO;CENTRO NOVO;000852067853;R46688;3082693;TGA-01Z3;-6,10388830;-35,90430830;LITORAL SUL;LITORAL
ESCOLA MUNICIPAL JOSÉ MACHADO DE SOUZA;SÍTIO NOVO;DISTRITO DE SERRA DA TAPUIA;000320849012;A16194;2421166;TGA-01Z3;-6,09013830;-35,95866500;LITORAL SUL;LITORAL
CMEI - ZILAH DE CARVALHO BEZERRA;TANGARÁ;BOSQUE DAS PALMEIRAS;007004924775;N76033;3106646;TGA-01Z2;-6,19793500;-35,80862830;LITORAL SUL;LITORAL
ESCOLA ESTADUAL PREFEITO JOAO ATAIDE DE MELO;TANGARÁ;CENTRO;000810706015;B17851;2614346;TGA-01Z1;-6,19686000;-35,79944670;LITORAL SUL;LITORAL
ESCOLA ESTADUAL PROFESSOR SEVERINO BEZERRA;TANGARÁ;CENTRO;000377013018;V08507A;3100791;TGA-01Z1;-6,19988150;-35,79954560;LITORAL SUL;LITORAL
ESCOLA MUNICIPAL AMELIA TEODOLINA DE MELO;TANGARÁ;PINHA;000290905010;P42659;2106142;TGA-01Z2;-6,20320790;-35,80332700;LITORAL SUL;LITORAL
ESCOLA MUNICIPAL ELITA BARBOSA DA FONSECA;TANGARÁ;CENTRO;000367212012;B17832;3100753;TGA-01Z1;-6,19546940;-35,79789390;LITORAL SUL;LITORAL
CRECHE MUNICIPAL PROFESSORA ROSILDA RIBEIRO;IPANGUAÇU;ILHA GRANDE;007000654781;BC59742;120422X;IAJ-01J3;-5,51113660;-36,86436630;ASSU;OESTE-SERIDÓ
ESCOLA ESTADUAL JOÃO FRANCISCO DA COSTA;IPANGUAÇU;ZONA RURAL;007001001676;MG12563;2373359;EST-01S6;-5,44906110;-36,85623890;ASSU;OESTE-SERIDÓ
ESCOLA MUNICIPAL FRANCISCO SOARES DA COSTA;IPANGUAÇU;ZONA RURAL;007001022096;R25084;3124716;IAJ-01J3;-5,58274690;-36,87512360;ASSU;OESTE-SERIDÓ
GRUPO ESCOLAR DE PATAXO;IPANGUAÇU;ZONA RURAL;000257559017;L35198;2153386;IAJ-01J3;-5,62380160;-36,83277800;ASSU;OESTE-SERIDÓ
ESCOLA ESTADUAL JOÃO MANOEL PESSOA;ITAJÁ;SAO MANOEL;000257691012;BD46253;3078529;IAJ-01J3;-5,64669550;-36,86799060;ASSU;OESTE-SERIDÓ
ESCOLA ESTADUAL JOAO TERTULINO LOPES;ITAJÁ;IGUARAÇU;000764452011;BD18797;3093194;IAJ-01J3;-5,63723151;-36,87057741;ASSU;OESTE-SERIDÓ
ESCOLA MUNICIPAL LIBANIA LOPES PESSOA;ITAJÁ;IGUARAÇU;000764452011;BD18797;3093194;IAJ-01J3;-5,63749740;-36,87032620;ASSU;OESTE-SERIDÓ
ESCOLA ESTADUAL LUIZ GONDIM;PARAÚ;CENTRO;;;52525;CPG-01P1;-5,77392770;-37,10069240;ASSU;OESTE-SERIDÓ
ESCOLA ESTADUAL SILVESTRE VERAS BARBOSA;PARAÚ;CENTRO;000514484015;CD30595;3082189;CPG-01P1;-5,77874590;-37,10256970;ASSU;OESTE-SERIDÓ
ESCOLA MUNICIPAL DE PRIMEIRO GRAU PADRE AMARO;PARAÚ;CENTRO;000514684014;CD3003X;3112624;CPG-01P1;-5,77703590;-37,10176080;ASSU;OESTE-SERIDÓ
ESCOLA ESTADUAL JOAO DE ABREU;BARAÚNA;CENTRO;000525900010;CC25913;3127788;BRU-01N1;-5,08086723;-37,61474469;MOSSORO;OESTE-SERIDÓ
ESCOLA ESTADUAL MARIANO AZEVEDO;BARAÚNA;ZONA RURAL;000526355016;CC52046;3123328;BRU-01N1;-5,09453034;-37,59167387;MOSSORO;OESTE-SERIDÓ
ESCOLA HIGINO ROBERTO;BARAÚNA;ZONA RURAL;000585119016;N74401;3068065;BRU-01N2;-5,10581100;-37,68559869;MOSSORO;OESTE-SERIDÓ
ESCOLA MUNICIPAL ANTONIO FLORENCIO;BARAÚNA;ZONA RURAL;000855771101;M01194;1830622;BRU-01N4;-4,97667811;-37,62303655;MOSSORO;OESTE-SERIDÓ
ESCOLA MUNICIPAL DE PRIMEIRO GRAU PROFESSORA MARIA BARROS FEITOSA;BARAÚNA;CENTRO;000535985014;L12471;3089880;BRU-01N1;-5,08507128;-37,61196027;MOSSORO;OESTE-SERIDÓ
ESCOLA MUNICIPAL DE 1º GRAU JOANA TIMÓTEO;BARAÚNA;ZONA RURAL;000526066014;N74328;2732718;BRU-01N1;-5,11919856;-37,52710446;MOSSORO;OESTE-SERIDÓ
ESCOLA MUNICIPAL FRANCISCO SILVERIO;BARAÚNA;ZONA RURAL;000762477017;U11834;3114685;BRU-01N2;-5,22506949;-37,72480707;MOSSORO;OESTE-SERIDÓ
ESCOLA MUNICIPAL FRANCISCO VIRGINIO;BARAÚNA;ZONA RURAL;000526873017;U47330;3104872;BRU-01N2;-5,07882816;-37,66405413;MOSSORO;OESTE-SERIDÓ
ESCOLA MUNICIPAL MIGUEL MARQUES;BARAÚNA;ZONA RURAL;000852985666;N73866;2425752;MSA-01M5;-4,90699841;-37,53031641;MOSSORO;OESTE-SERIDÓ
ESCOLA MUNICIPAL OLAVO BILAC;BARAÚNA;ZONA RURAL;000527116015;PY18473;1248822;BRU-01N4;-4,93396188;-37,57602828;MOSSORO;OESTE-SERIDÓ
ESCOLA MUNICIPAL PEDRO FERNANDES;BARAÚNA;ZONA RURAL;000854776509;N59655;3083456;BRU-01N2;-5,22993295;-37,70629312;MOSSORO;OESTE-SERIDÓ
ESCOLA MUNICIPAL PORFIRIO GABRIEL DOS ANJOS;BARAÚNA;ZONA RURAL;000585122017;CC37824;3091542;BRU-01N2;-5,14148026;-37,69587758;MOSSORO;OESTE-SERIDÓ
ESCOLA MUNICIPAL PROFESSORA MARIA LINDALVA;BARAÚNA;ZONA RURAL;000851228675;CC28076;1993270;BRU-01N2;-5,02833690;-37,70561348;MOSSORO;OESTE-SERIDÓ
ESCOLA MUNICIPAL RUY BARBOSA;BARAÚNA;ZONA RURAL;007029291815;CB94739;3123354;BRU-01N4;-4,96622307;-37,59451437;MOSSORO;OESTE-SERIDÓ
ESCOLA PROF AMAURY RIBEIRO;BARAÚNA;CENTRO;000850002967;U32384;3105456;BRU-01N2;-5,07798142;-37,62379816;MOSSORO;OESTE-SERIDÓ
GRUPO ESCOLAR MANOEL BARROS;BARAÚNA;CENTRO;000856104923;T77698;3085926;BRU-01N3;-5,07778780;-37,61709318;MOSSORO;OESTE-SERIDÓ
ESCOLA MUNICIPAL VILA ACRE;SERRA DO MEL;ZONA RURAL;000533393012;CA90795;2382604;SRV-01Z4;-5,06542999;-37,02730623;MOSSORO;OESTE-SERIDÓ
ESCOLA MUNICIPAL VILA ALAGOAS;SERRA DO MEL;ZONA RURAL;000855651238;R63770;2390018;SRV-01Z5;-5,16602009;-37,10888636;MOSSORO;OESTE-SERIDÓ
ESCOLA MUNICIPAL VILA AMAZONAS;SERRA DO MEL;ZONA RURAL;007011785144;L02314;3088546;SRV-01Z4;-5,00884144;-36,94513783;MOSSORO;OESTE-SERIDÓ
ESCOLA MUNICIPAL VILA BAHIA;SERRA DO MEL;ZONA RURAL;000533154018;R54019;3068663;SRV-01Z4;-5,16623751;-36,95198976;MOSSORO;OESTE-SERIDÓ
ESCOLA MUNICIPAL VILA CEARA;SERRA DO MEL;ZONA RURAL;007001249813;R08808;2435509;SRV-01Z4;-5,11169538;-37,04205152;MOSSORO;OESTE-SERIDÓ
ESCOLA MUNICIPAL VILA ESPIRITO SANTO;SERRA DO MEL;ZONA RURAL;000851533567;CA85350;2385081;SRV-01Z5;-5,20593207;-37,13071331;MOSSORO;OESTE-SERIDÓ
ESCOLA MUNICIPAL VILA GOIAS;SERRA DO MEL;ZONA RURAL;000654793018;CA87960;2385076;SRV-01Z5;-5,20602020;-37,04055488;MOSSORO;OESTE-SERIDÓ
ESCOLA MUNICIPAL VILA GUANABARA;SERRA DO MEL;ZONA RURAL;007004200220;R43578;3069792;SRV-01Z5;-5,26023532;-37,13037549;MOSSORO;OESTE-SERIDÓ
ESCOLA MUNICIPAL VILA MARANHAO;SERRA DO MEL;ZONA RURAL;000854326538;N13394;2392612;SRV-01Z4;-5,05718922;-36,98817714;MOSSORO;OESTE-SERIDÓ
ESCOLA MUNICIPAL VILA MATO GROSSO;SERRA DO MEL;ZONA RURAL;000532239010;N02522;2375445;SRV-01Z5;-5,20602813;-37,08557766;MOSSORO;OESTE-SERIDÓ
ESCOLA MUNICIPAL VILA MINAS GERAIS;SERRA DO MEL;ZONA RURAL;000532426014;CA89360;2185533;SRV-01Z5;-5,20590069;-36,99527690;MOSSORO;OESTE-SERIDÓ
ESCOLA MUNICIPAL VILA PARA;SERRA DO MEL;VILA PARA;007004901678;CB14983;2382688;SRV-01Z4;-5,05387245;-36,94519525;MOSSORO;OESTE-SERIDÓ
ESCOLA MUNICIPAL VILA PARAÍBA;SERRA DO MEL;ZONA RURAL;000717372018;CA79593;3081777;SRV-01Z4;-5,11157027;-36,99733188;MOSSORO;OESTE-SERIDÓ
ESCOLA MUNICIPAL VILA PARANA;SERRA DO MEL;ZONA RURAL;007028363596;O65875;3127893;SRV-01Z5;-5,26032033;-37,04057867;MOSSORO;OESTE-SERIDÓ
ESCOLA MUNICIPAL VILA PERNAMBUCO;SERRA DO MEL;ZONA RURAL;000686781011;T17165;3131437;SRV-01Z4;-5,16634222;-36,99672226;MOSSORO;OESTE-SERIDÓ
ESCOLA MUNICIPAL VILA PIAUI;SERRA DO MEL;ZONA RURAL;000533383017;CA86658;2451604;SRV-01Z4;-5,11184317;-37,08704059;MOSSORO;OESTE-SERIDÓ
ESCOLA MUNICIPAL VILA RIO DE JANEIRO;SERRA DO MEL;ZONA RURAL;000532491010;CA90093;3085911;SRV-01Z5;-5,20566786;-36,95020194;MOSSORO;OESTE-SERIDÓ
ESCOLA MUNICIPAL VILA RIO GRANDE DO SUL;SERRA DO MEL;ZONA RURAL;000850640114;CA95767;2385296;SRV-01Z5;-5,26001536;-36,95027815;MOSSORO;OESTE-SERIDÓ
ESCOLA MUNICIPAL VILA SANTA CATARINA;SERRA DO MEL;ZONA RURAL;000852456418;U32366;3102140;SRV-01Z5;-5,26056728;-36,99537949;MOSSORO;OESTE-SERIDÓ
ESCOLA MUNICIPAL VILA SÃO PAULO;SERRA DO MEL;ZONA RURAL;007008132903;T29300;3077359;SRV-01Z5;-5,26025056;-37,08548079;MOSSORO;OESTE-SERIDÓ
ESCOLA MUNICIPAL VILA SERGIPE;SERRA DO MEL;ZONA RURAL;000532970016;CB04053;2451630;SRV-01Z5;-5,16625145;-37,07553078;MOSSORO;OESTE-SERIDÓ
ESCOLA ESTADUAL GABRIEL FERNANDES;BENTO FERNANDES;AREA RURAL - ZONA RURAL;000322736010;A20951;2119717;JCM-01J3;-5,63131000;-35,80453000;LITORAL NORTE;LITORAL
ESCOLA ESTADUAL SENADOR JOAO CAMARA;BENTO FERNANDES;CENTRO - ZONA URBANA;000322024010;P76346;2045415;JCM-01J3;-5,69248330;-35,81956830;LITORAL NORTE;LITORAL
ESCOLA MUNICIPAL DR. FRANCISCO CANINDÉ DE OLIVEIRA;BENTO FERNANDES;AREA RURAL - ZONA RURAL;000851531912;E12786;2422238;JCM-01J3;-5,68660260;-35,88039780;LITORAL NORTE;LITORAL
ESCOLA MUNICIPAL LOURENCO FERNANDES;BENTO FERNANDES;AREA RURAL - ZONA RURAL;000322211015;U32135;2045483;JCM-01J3;-5,66699610;-35,80820850;LITORAL NORTE;LITORAL
ESCOLA MUNICIPAL MARIA DO CARMO GOMES;BENTO FERNANDES;CENTRO - ZONA URBANA;000322060017;R53619;3087047;JCM-01J3;-5,69401170;-35,81932830;LITORAL NORTE;LITORAL
POSTO DE SAÚDE DO ASSENTAMENTO TTL;BENTO FERNANDES;AREA RURAL - ZONA RURAL;000661774010;P76280;2054530;JCM-01J3;-5,65468570;-35,80644570;LITORAL NORTE;LITORAL
ESCOLA ESTADUAL FABRICIO PEDROSA;JANDAÍRA;CENTRO;000324190015;U85891;3121288;JDR-01L1;-5,35557390;-36,12829330;LITORAL NORTE;LITORAL
ESCOLA ESTADUAL MARIA CONCEICAO MESSIAS;JANDAÍRA;CENTRO;007001507626;P81735;3124125;JDR-01L3;-5,35671920;-36,12540580;LITORAL NORTE;LITORAL
ESCOLA MUNICIPAL AFRA BARROS;JANDAÍRA;ZONA RURAL;000324625011;P83333;2121071;JDR-01L4;-5,25652130;-36,15696500;LITORAL NORTE;LITORAL
ESCOLA MUNICIPAL DE GUARAPES;JANDAÍRA;ZONA RURAL;000850470650;A21212;2425202;JDR-01L5;-5,33201860;-36,18363330;LITORAL NORTE;LITORAL
ESCOLA MUNICIPAL DE TRINCHEIRAS;JANDAÍRA;ZONA RURAL;000378967015;O85589;3105324;JDR-01L5;-5,31720550;-36,21298290;LITORAL NORTE;LITORAL
ESCOLA MUNICIPAL JOSE MARIA DOS SANTOS;JANDAÍRA;CENTRO;007001507626;P81735;3124125;JDR-01L3;-5,35691360;-36,12500610;LITORAL NORTE;LITORAL
ESCOLA MUNICIPAL PREFEITO JOSÉ ASSUNÇÃO COSTA;JANDAÍRA;CENTRO;000324238018;P81716;2085950;JDR-01L2;-5,35747260;-36,12573830;LITORAL NORTE;LITORAL
ESCOLA MUNICIPAL WALFREDO GURGEL;JANDAÍRA;ZONA RURAL;000324792015;B25691;3091930;JDR-01L1;-5,37850380;-36,07819760;LITORAL NORTE;LITORAL
ASSENTAMENTO SURUBIM;POÇO BRANCO;ASSENTAMENTO SURUBIM - ZONA RURAL;000850634955;B23933;2423577;JCM-01J1;-5,55534270;-35,69909780;LITORAL NORTE;LITORAL
ASSOCIAÇÃO DOS MORADORES DO QUILOMBOLA;POÇO BRANCO;ZONA RURAL;000377610016;P78384;228313X;TPU-01P3;-5,61794880;-35,68297840;LITORAL NORTE;LITORAL
CRECHE MUNICIPAL MARIA MATEUS DA SILVA;POÇO BRANCO;CENTRO;007019000782;V09639;3113577;TPU-01P3;-5,61846500;-35,66699830;LITORAL NORTE;LITORAL
ESCOLA ESTADUAL CARMEM COSTA;POÇO BRANCO;CENTRO;000297401017;B24887;2107476;TPU-01P3;-5,62054110;-35,65498510;LITORAL NORTE;LITORAL
ESCOLA ESTADUAL ESTUDANTE JOSE FRANCISCO FILHO;POÇO BRANCO;CENTRO;000298196018;B24647;3124281;TPU-01P3;-5,62368390;-35,66383870;LITORAL NORTE;LITORAL
ESCOLA FONTE DO SABER;POÇO BRANCO;CENTRO;000297650017;P78357;2283150;TPU-01P3;-5,62164830;-35,66402670;LITORAL NORTE;LITORAL
ESCOLA ISOLADA MARIA CANDIDO FREIRE;POÇO BRANCO;SAMAMBAIA - ZONA RURAL;000377625013;B24042;2283077;JCM-01J1;-5,54060340;-35,74110660;LITORAL NORTE;LITORAL
ESCOLA MUNICIPAL JOAO MEDEIROS DO NASCIMENTO;POÇO BRANCO;LAGOA DO SERROTE - ZONA RURAL;000377621018;P77942;2283281;JCM-01J1;-5,57771100;-35,69157650;LITORAL NORTE;LITORAL
ESCOLA MUNICIPAL MARIA DAS DORES DO NASCIMENTO;POÇO BRANCO;POUSA - ZONA RURAL;000377617010;A20566;228368X;JCM-01J1;-5,62441750;-35,72770130;LITORAL NORTE;LITORAL
ESCOLA MUNICIPAL MARIA DE LOURDES COSTA;POÇO BRANCO;CONTADOR - ZONA RURAL;000377592018;P78467;2120612;TPU-01P3;-5,61056170;-35,70278750;LITORAL NORTE;LITORAL
ESCOLA MUNICIPAL MINISTRO ALUISIO ALVES;POÇO BRANCO;CENTRO;000297348019;B24862;2443085;TPU-01P3;-5,61819080;-35,65534450;LITORAL NORTE;LITORAL
ESCOLA MUNICIPAL TANCREDO DE ALMEIDA NEVES;POÇO BRANCO;BAIXOS DE SAO MIGUEL - ZONA RURAL;000377624017;P77665;2384643;JCM-01J1;-5,52255380;-35,70078980;LITORAL NORTE;LITORAL
ESCOLA MUNICIPAL VEREADOR RAIMUNDO ROSA SANTIAGO;POÇO BRANCO;CENTRO;000298261014;R76944;3123894;TPU-01P3;-5,61929920;-35,66674600;LITORAL NORTE;LITORAL
UBS DE SAMAMBAIA;POÇO BRANCO;SAMAMBAIA - ZONA RURAL;000377625013;B24042;2283077;JCM-01J1;-5,54029500;-35,73997330;LITORAL NORTE;LITORAL
CENTRO ADMINISTRATATIVO MUNICIPAL;PORTALEGRE;CENTRO;000253276010;DC07240;3120736;RCZ-01S2;-6,02621924;-37,98743192;ALTO OESTE;OESTE-SERIDÓ
ESCOLA ESTADUAL MARGARIDA DE FREITAS;PORTALEGRE;CENTRO;000253506016;U01049;3101360;RCZ-01S2;-6,02436950;-37,98706790;ALTO OESTE;OESTE-SERIDÓ
ESCOLA MUNICIPAL FILOMENA SAMPAIO DE SOUZA;PORTALEGRE;ZONA URBANA;007001718538;V08183;3096464;RCZ-01S2;-6,02881110;-37,98818140;ALTO OESTE;OESTE-SERIDÓ
CENTRO MUNICIPAL DE EDUCAÇÃO INFANTIL-CEMEI BENTA SUELY DE PAIVA REGO;RIACHO DA CRUZ;CENTRO;007006195002;V05392;3073474;RCZ-01S2;-5,94052430;-37,94966650;ALTO OESTE;OESTE-SERIDÓ
ESCOLA MUNICIPAL CAMILA DE LÉLLIS;RIACHO DA CRUZ;ZONA URBANA;000265096018;DB13603;3130361;RCZ-01S2;-5,93370690;-37,94571820;ALTO OESTE;OESTE-SERIDÓ
ESCOLA ESTADUAL JOSE CLAUDIO ALVES;TABOLEIRO GRANDE;CENTRO;000264612012;L78884;266066X;RCZ-01S4;-5,92795550;-38,04300260;ALTO OESTE;OESTE-SERIDÓ
ESCOLA MUNICIPAL ABRAÃO CAVALCANTE BESSA;TABOLEIRO GRANDE;CENTRO;000264407010;U01137;3123419;RCZ-01S4;-5,92892680;-38,04527330;ALTO OESTE;OESTE-SERIDÓ
ESCOLA MUNICIPAL FRANCISCO GOMES PINTO;VIÇOSA;CENTRO;000289879013;V10166;3116883;RCZ-01S2;-5,99280060;-37,94671060;ALTO OESTE;OESTE-SERIDÓ
CENTRO ESTADUAL DE EDUCAÇÃO PROFISSIONAL- CEEP;EXTREMOZ;JARDINS DE EXTREMOZ;007008389181;V06119;3079676;EXT-01Y1;-5,69795260;-35,28832810;NATAL NORTE;LITORAL
CENTRO INFANTIL ESTRELA DO MAR;EXTREMOZ;CONJUNTO ESTRELA DO MAR;000856521834;V02497;2595025;EXT-01Y4;-5,70480100;-35,29137420;NATAL NORTE;LITORAL
CRECHE MUNICIPAL NOSSA SENHORA DE FÁTIMA;EXTREMOZ;SANTA MARIA;000852640855;N21540;2417516;CAM-01C6;-5,64919840;-35,29820490;NATAL NORTE;LITORAL
ESCOLA ESTADUAL ALMIRANTE TAMANDARE;EXTREMOZ;CONJUNTO ESTRELA DO MAR;000378579015;C10319;3078245;EXT-01Y4;-5,70442330;-35,29042420;NATAL NORTE;LITORAL
ESCOLA ESTADUAL FELIPE CAMARÃO;EXTREMOZ;CENTRO;007005924698;V10332;3188109;EXT-01Y4;-5,70636080;-35,30553950;NATAL NORTE;LITORAL
ESCOLA ESTADUAL JOÃO FLORÊNCIO DA HORA;EXTREMOZ;CENTRO;000317167016;C10551;2676067;EXT-01Y4;-5,70506660;-35,30986400;NATAL NORTE;LITORAL
ESCOLA ESTADUAL MANOEL CARNEIRO DA CUNHA;EXTREMOZ;ESTIVAS;000352450014;P16462;3032847;EXT-01Y2;-5,66616990;-35,26654770;NATAL NORTE;LITORAL
ESCOLA MUNICIPAL ABEL SOARES DE SOUZA;EXTREMOZ;GRUTAS;000352559016;C10000;702027;EXT-01Y2;-5,68520120;-35,23927980;NATAL NORTE;LITORAL
ESCOLA MUNICIPAL ANTONIO FABRICIO CARIDADE;EXTREMOZ;SANTA MARIA;000352792012;P62537;2025430;CAM-01C6;-5,64591750;-35,29734200;NATAL NORTE;LITORAL
ESCOLA MUNICIPAL CICERO INACIO;EXTREMOZ;PITANGUI;000362033012;C20452;2117552;EXT-01Y2;-5,63307350;-35,21926070;NATAL NORTE;LITORAL
ESCOLA MUNICIPAL CORONEL JOSÉ FRANCO RIBEIRO;EXTREMOZ;CENTRO;000853783013;N24502;3072587;EXT-01Y4;-5,70446720;-35,30430850;NATAL NORTE;LITORAL
ESCOLA MUNICIPAL DONA SILVANA;EXTREMOZ;MALVINAS;000687923014;C10703;1866114;EXT-01Y4;-5,69451910;-35,30986600;NATAL NORTE;LITORAL
ESCOLA MUNICIPAL EXPEDITO JOSE DA COSTA;EXTREMOZ;PITANGUI;000362563011;C20475;3093730;EXT-01Y2;-5,62986390;-35,22339740;NATAL NORTE;LITORAL
ESCOLA MUNICIPAL FRANCISCO DANTAS;EXTREMOZ;ESTIVAS;000352427012;GD1850;2025205;EXT-01Y2;-5,66322010;-35,27107110;NATAL NORTE;LITORAL
ESCOLA MUNICIPAL ISABEL DANTAS;EXTREMOZ;CAPIM;000856771849;C19811;287829;CAM-01C4;-5,62765550;-35,27025520;NATAL NORTE;LITORAL
ESCOLA MUNICIPAL ISAIAS LOPES;EXTREMOZ;BARRA DO RIO;000362873010;M63558;2403744;EXT-01Y2;-5,67420170;-35,21865010;NATAL NORTE;LITORAL
ESCOLA MUNICIPAL JARDIM ESCOLA ROSA AMÉLIA;EXTREMOZ;ARAÇÁ;000353152017;C10762;110941X;EXT-01Y2;-5,64855640;-35,28881450;NATAL NORTE;LITORAL
ESCOLA MUNICIPAL JOSE SERGIO DE OLIVEIRA AGUIAR;EXTREMOZ;GENIPABU;000851741925;B2946;3113494;EXT-01Y2;-5,69341160;-35,20800990;NATAL NORTE;LITORAL
ESCOLA MUNICIPAL MARIA DAS DORES NASCIMENTO;EXTREMOZ;CONTENDA;000362800013;P66431;2389814;EXT-01Y2;-5,65056460;-35,23987530;NATAL NORTE;LITORAL
ESCOLA MUNICIPAL NOSSA SENHORA DE FATIMA;EXTREMOZ;VILA DE FÁTIMA;000853106143;N32337;3113849;CAM-01C6;-5,65951150;-35,29192030;NATAL NORTE;LITORAL
ESCOLA MUNICIPAL PADRE AUGUSTINHO;EXTREMOZ;COMUM;000352344010;P16359;2024767;EXT-01Y4;-5,70795200;-35,34674550;NATAL NORTE;LITORAL
ESCOLA MUNICIPAL PEDRO FERNANDES;EXTREMOZ;CAMPINAS;000168789017;E4669;3006890;LNV-01V7;-5,81043220;-35,19939940;NATAL NORTE;LITORAL
ESCOLA MUNICIPAL PROFESSORA VERA LUCIA GONÇALVES;EXTREMOZ;ALTO EXTREMOZ;007020769151;U90361;3115308;EXT-01Y1;-5,70245070;-35,28949520;NATAL NORTE;LITORAL
ESCOLA MUNICIPAL VEREADOR RICARDO AFONSO DE LIMA;EXTREMOZ;SANTA RITA;000138577015;A4162;3085014;PGI-01P3;-5,69583420;-35,19693950;NATAL NORTE;LITORAL
EXPANSIVO COLÉGIO E CURSO;EXTREMOZ;CENTRAL PARQUE CLUBE;007009564289;T46455;3119312;EXT-01Y1;-5,67049420;-35,27252280;NATAL NORTE;LITORAL
CAMARA MUNICIPAL DE MAXARANGUAPE;MAXARANGUAPE;CENTRO;000319213015;C20906;2422987;DMA-01M3;-5,51774890;-35,25744640;LITORAL NORTE;LITORAL
CRECHE MUNICIPAL APRENDER EM BOAS MÃOS;MAXARANGUAPE;CENTRO;000319132015;C20897;2099324;DMA-01M3;-5,51912990;-35,25710390;LITORAL NORTE;LITORAL
CRECHE MUNICIPAL DE MARACAJAÚ;MAXARANGUAPE;MARACAJAÚ;000852517565;N23242;2564835;DMA-01M4;-5,40803880;-35,31578770;LITORAL NORTE;LITORAL
ESCOLA MUNICIPAL DE DOM MARCOLINO DANTAS;MAXARANGUAPE;DOM MARCOLINO;000378680018;U69856;354617;DMA-01M2;-5,45515760;-35,39948190;LITORAL NORTE;LITORAL
ESCOLA MUNICIPAL DUQUE DE CAXIAS;MAXARANGUAPE;CENTRO;000319548017;P69131;3083503;DMA-01M3;-5,51771450;-35,26213100;LITORAL NORTE;LITORAL
ESCOLA MUNICIPAL EVA VARELA CAVALCANTE;MAXARANGUAPE;MARACAJAÚ;000378712017;P65235;3105650;DMA-01M4;-5,40908130;-35,31228990;LITORAL NORTE;LITORAL
ESCOLA MUNICIPAL GERMANO GREGÓRIO;MAXARANGUAPE;CENTRO;000319360018;U15888;2389987;DMA-01M3;-5,51924720;-35,25706050;LITORAL NORTE;LITORAL
ESCOLA MUNICIPAL JOSE ROMERO;MAXARANGUAPE;NOVO HORIZONTE II;000850022755;P57917;2078765;DMA-01M4;-5,48338100;-35,32900190;LITORAL NORTE;LITORAL
ESCOLA MUNICIPAL PEDRO COSTA E SILVA;MAXARANGUAPE;NOVA VIDA II;000814538010;D14425;2422840;DMA-01M2;-5,46057250;-35,45241840;LITORAL NORTE;LITORAL
ESCOLA MUNICIPAL PROFESSOR ESMERINO GOMES DE SOUZA;MAXARANGUAPE;CARAÚBAS;000319912010;P65067;2457407;DMA-01M3;-5,46131550;-35,29287730;LITORAL NORTE;LITORAL
UNIDADE BÁSICA DE SAÚDE DE SANTA ANA;MAXARANGUAPE;SANTA ANA;000385359012;D14477;2402321;DMA-01M2;-5,48173860;-35,48931960;LITORAL NORTE;LITORAL
ESCOLA ESTADUAL GOVERNADOR LAVOISIER MAIA SOBRINHO;RIO DO FOGO;CENTRO;000361124014;D15493;3129965;BCA-01S5;-5,27428820;-35,38487030;LITORAL NORTE;LITORAL
ESCOLA MUNICIPAL ANA DE PAIVA FAGUNDES;RIO DO FOGO;PUNAÚ;000645184017;V06076;3079387;BCA-01S4;-5,35240530;-35,42193670;LITORAL NORTE;LITORAL
ESCOLA MUNICIPAL ANTÔNIO LEITE RAMALHO;RIO DO FOGO;ZUMBI;000856074536;N87236;2600024;DMA-01M4;-5,33488510;-35,36542110;LITORAL NORTE;LITORAL
ESCOLA MUNICIPAL DEPUTADO MÁRCIO MARINHO;RIO DO FOGO;CATOLÉ;000553782015;P85184;2052600;BCA-01S4;-5,38333580;-35,47861390;LITORAL NORTE;LITORAL
ESCOLA MUNICIPAL JERÔNIMO DE CASTRO;RIO DO FOGO;CENTRO;000360819019;P75840;2081249;BCA-01S5;-5,27045600;-35,38484330;LITORAL NORTE;LITORAL
ESCOLA MUNICIPAL JOANA DE SOUZA RIBEIRO;RIO DO FOGO;CENTRO;007002840159;U86040;3112986;BCA-01S5;-5,27510320;-35,38259650;LITORAL NORTE;LITORAL
ESCOLA MUNICIPAL LUIZA DA COSTA E SILVA;RIO DO FOGO;PITITINGA;000378709016;O40079;3124279;DMA-01M4;-5,38252508;-35,33766674;LITORAL NORTE;LITORAL
ESCOLA MUNICIPAL MANOEL CAVALCANTE DO NASCIMENTO;RIO DO FOGO;CANTO GRANDE;000385966016;P85144;308976;BCA-01S4;-5,40553860;-35,45476220;LITORAL NORTE;LITORAL
ESCOLA MUNICIPAL SEVERINO LEMOS;RIO DO FOGO;VILA PUNAÚ;000553824010;D15467;2084449;BCA-01S4;-5,36241550;-35,41498600;LITORAL NORTE;LITORAL
ESCOLA ESTADUAL PEDRO RAIMUNDO DO NASCIMENTO;ÁGUA NOVA;CENTRO;000422382011;DE07396;3101731;MCV-01Z4;-6,20761380;-38,29451440;ALTO OESTE;OESTE-SERIDÓ
ESCOLA MUNICIPAL MANOEL RAIMUNDO;ÁGUA NOVA;CENTRO;000422363017;DE07003;3128250;MCV-01Z4;-6,20675500;-38,29139500;ALTO OESTE;OESTE-SERIDÓ
ESCOLA ESTADUAL CID ROSADO;ENCANTO;CENTRO;;;49926;PFE-01P6;-6,11274160;-38,31108600;ALTO OESTE;OESTE-SERIDÓ
ESCOLA MUNICIPAL MARIA PEREIRA LEITE;ENCANTO;CENTRO;;;49926;PFE-01P6;-6,11231160;-38,31063370;ALTO OESTE;OESTE-SERIDÓ
COLEGIO ESTADUAL PADRE BERNARDINO FERNANDES;MARCELINO VIEIRA;CENTRO;000460889014;V08864;3105264;MCV-01Z3;-6,29575630;-38,16331370;ALTO OESTE;OESTE-SERIDÓ
ESCOLA ESTADUAL DESEMBARGADOR LICURGO NUNES;MARCELINO VIEIRA;CENTRO;000402950013;DC4683X;3127297;MCV-01Z1;-6,29463500;-38,15768170;ALTO OESTE;OESTE-SERIDÓ
ESCOLA MUNICIPAL EDILTON FERNANDES;MARCELINO VIEIRA;CENTRO;000850010706;DC47849;2020521;MCV-01Z4;-6,29241900;-38,16348100;ALTO OESTE;OESTE-SERIDÓ
POLO UNIVERSITÁRIO DE MARCELINO VIEIRA;MARCELINO VIEIRA;CENTRO;000402491019;DC84456;3080854;MCV-01Z3;-6,29360910;-38,16547890;ALTO OESTE;OESTE-SERIDÓ
ESCOLA ESTADUAL JOSE FERREIRA DA COSTA;RAFAEL FERNANDES;CENTRO;000413199018;DC85245;3080300;PFE-01P5;-6,19388500;-38,22505830;ALTO OESTE;OESTE-SERIDÓ
ESCOLA ESTADUAL MANO MARCELINO;RAFAEL FERNANDES;CENTRO;000413148014;DC49008;49842XX;PFE-01P5;-6,19420170;-38,22546000;ALTO OESTE;OESTE-SERIDÓ
ESCOLA MUNICIPAL ANTONIO CARVALHO DE OLIVEIRA;RAFAEL FERNANDES;CENTRO;000413199018;DC85245;3080300;PFE-01P5;-6,19396160;-38,22419830;ALTO OESTE;OESTE-SERIDÓ
ESCOLA ESTADUAL MARIA ANGELINA GOMES;RIACHO DE SANTANA;CENTRO;000461226019;V08601;3101852;MCV-01Z4;-6,26451330;-38,31607170;ALTO OESTE;OESTE-SERIDÓ
ESCOLA MUNICIPAL JOAO BERNARDINO DE LIMA;RIACHO DE SANTANA;CENTRO;000411539016;DD5798X;1487006;MCV-01Z4;-6,26386360;-38,31254220;ALTO OESTE;OESTE-SERIDÓ
CRECHE JOÃO MARINHO CESAR;AREZ;DISTRITO PATANÉ;007005066624;V04968;3071023;GNA-01Z6;-6,17753183;-35,12938131;LITORAL SUL;LITORAL
ESC EST JACUMAUMA;AREZ;CENTRO;000851606009;P31102;2356731;GNA-01Z6;-6,19657069;-35,16184106;LITORAL SUL;LITORAL
ESC ISOLADA MAJOR NAPOLEAO AGRA;AREZ;DISTRITO NASCENÇA;000175062017;P28654;3064883;GNA-01Z5;-6,18507378;-35,25144696;LITORAL SUL;LITORAL
ESC MUN ANTONIO FELIPE FERREIRA DA SILVA;AREZ;DISTRITO URUCARÁ;000174924015;P28580;2101448;GNA-01Z5;-6,16961102;-35,23944014;LITORAL SUL;LITORAL
ESC MUN CLIDENOR DE LIMA;AREZ;CENTRO;000174489017;B16351;3075561;GNA-01Z6;-6,19791004;-35,16455487;LITORAL SUL;LITORAL
ESC MUN EZILDA DA SILVA SMITH;AREZ;DISTRITO PATANÉ;000232858010;P31898;3120698;GNA-01Z6;-6,17902930;-35,12977928;LITORAL SUL;LITORAL
ESC MUN JOAO GUIÓ;AREZ;CENTRO;000851606009;P31102;2356731;GNA-01Z6;-6,19684797;-35,16218330;LITORAL SUL;LITORAL
ESC MUN MIGUEL FIGUEIREDO;AREZ;DISTRITO MUNDO NOVO;000175153012;P28755;2101207A;GNA-01Z5;-6,17407388;-35,29259607;LITORAL SUL;LITORAL
CMEI PROFª MARIA DA CONCEIÇÃO TRINDADE;NÍSIA FLORESTA;MORRINHOS;000226891013;P30099;639070;SJM-01Z2;-6,11141404;-35,15972883;PARNAMIRIM;LITORAL
ESC EST ALCEU EMILIANO DA SILVA;NÍSIA FLORESTA;TABATINGA;000203050011;P26028;3109091;LTS-01Y2;-6,06104584;-35,10290782;PARNAMIRIM;LITORAL
ESC EST ANA DUARTE LOPES;NÍSIA FLORESTA;ALCAÇUS;000201425018;P24321;458278;LTS-01Y3;-6,00158445;-35,13870978;PARNAMIRIM;LITORAL
ESC EST CELITA FREIRE BARBOSA;NÍSIA FLORESTA;PIRANGI DO SUL;000201300010;P21878;1743158;LTS-01Y3;-5,98606850;-35,12040689;PARNAMIRIM;LITORAL
ESC EST DR LAVOSIER MAIA;NÍSIA FLORESTA;HORTIGRANJEIRA;000201626013;B13942;3083012;LTS-01Y3;-5,97539549;-35,15760619;PARNAMIRIM;LITORAL
ESC EST FRANCISCO CAMILO DE SOUZA;NÍSIA FLORESTA;COLÔNIA DO PIUM;000188610013;G8160;128999X;LTS-01Y3;-5,96015052;-35,16302727;PARNAMIRIM;LITORAL
ESC EST NISIA FLORESTA;NÍSIA FLORESTA;CENTRO;000170860012;P27844;2288934;SJM-01Z2;-6,08994224;-35,20773266;PARNAMIRIM;LITORAL
ESC EST PROF ADELIA DA SILVA GURGEL;NÍSIA FLORESTA;CAMPO DE SANTANA;000227207019;U02155;2356946;SJM-01Z2;-6,11147250;-35,12849274;PARNAMIRIM;LITORAL
ESC EST ZILDEVAR FERREIRA;NÍSIA FLORESTA;JENIPAPEIRO;000227543019;P28209;2375733;SJM-01Z4;-6,13242479;-35,17252078;PARNAMIRIM;LITORAL
ESC MUN ALBERTO DE CARVALHO ARAUJO;NÍSIA FLORESTA;BÚZIOS;007022204259;V10269;3117678;LTS-01Y3;-6,00772528;-35,10959239;PARNAMIRIM;LITORAL
ESC MUN ANA AMÉLIA DE OLIVEIRA;NÍSIA FLORESTA;TOROROMBA;000226743014;P30045;3073858;SJM-01Z2;-6,10394375;-35,18438662;PARNAMIRIM;LITORAL
ESC MUN DE PIUM;NÍSIA FLORESTA;COLÔNIA DO PIUM;007001152895;U67597;1742678;LTS-01Y3;-5,94577828;-35,18494519;PARNAMIRIM;LITORAL
ESC MUN FRANCISCA PEREIRA DA SILVA;NÍSIA FLORESTA;LAGOA AZUL;000718835011;V08487;3105285;LTS-01Y3;-5,96259288;-35,20111674;PARNAMIRIM;LITORAL
ESC MUN FRANCISCO DOMINGOS DE SOUZA;NÍSIA FLORESTA;LAGOA DO BONFIM;000575680011;P24806;210381;SJM-01Z1;-6,04209918;-35,22703115;PARNAMIRIM;LITORAL
ESC MUN JOANA M DO NASCIMENTO;NÍSIA FLORESTA;BOA ÁGUA;000226828010;B13992;2100947;SJM-01Z1;-6,05785753;-35,18614490;PARNAMIRIM;LITORAL
ESC MUN LEONOR MARIA BEZERRA;NÍSIA FLORESTA;TIMBÓ;000227276010;C12810;2105746;SJM-01Z2;-6,08453767;-35,15636718;PARNAMIRIM;LITORAL
ESC MUN MARIA DE LOURDES FERREIRA DE CARVALHO;NÍSIA FLORESTA;GOLANDI;000227397012;P28112;2247903;SJM-01Z4;-6,12956165;-35,21029802;PARNAMIRIM;LITORAL
ESC MUN MARIA MERCIA DE CARVALHO;NÍSIA FLORESTA;BARRETA;000227657014;A12856;3080902;LTS-01Y2;-6,10225040;-35,10166294;PARNAMIRIM;LITORAL
ESC MUN PROFESSORA AURORA COSTA DE CARVALHO;NÍSIA FLORESTA;MONTE HERMINIO;000170922018;U08602;3102470;SJM-01Z2;-6,08654824;-35,20740501;PARNAMIRIM;LITORAL
ESC MUN PROFESSORA TEREZINHA DA SILVA LEITE;NÍSIA FLORESTA;PORTO;000171546010;P27928;2289037;SJM-01Z2;-6,10110111;-35,19642966;PARNAMIRIM;LITORAL
ESC MUN SANDOVAL RIBEIRO DANTAS;NÍSIA FLORESTA;MAZAPAS;000217919010;T95640;236030;SJM-01Z2;-6,07005659;-35,22861533;PARNAMIRIM;LITORAL
ESC MUN YAYÁ PAIVA;NÍSIA FLORESTA;CENTRO;007030224692;V05620;3075259;SJM-01Z2;-6,09150932;-35,20793055;PARNAMIRIM;LITORAL
ESCOLA ESTADUAL JESSE FREIRE;SENADOR GEORGINO AVELINO;DISTRITO CARNAÚBA;000186782011;P28381;3071681;SJM-01Z4;-6,14710162;-35,14255397;LITORAL SUL;LITORAL
ESCOLA MUNICIPAL MONSENHOR PEGADO;SENADOR GEORGINO AVELINO;CENTRO;000243286018;P41051;853235X;GNA-01Z6;-6,15964648;-35,12254804;LITORAL SUL;LITORAL
ESCOLA ESTADUAL PROFESSORA MARIA ARIOENE DE SOUZA;CAMPO REDONDO;CENTRO;000377711017;AD63105;2362347;STU-01Y8;-6,24125830;-36,18489500;SERIDO;OESTE-SERIDÓ
ESCOLA MUNICIPAL AIDA RAMALHO CORTEZ;CAMPO REDONDO;CENTRO;000299922014;AD66462;3072156;STU-01Y8;-6,24109390;-36,18033620;SERIDO;OESTE-SERIDÓ
ESCOLA MUNICIPAL SEBASTIÃO COSME DE ASSUNÇÃO;CAMPO REDONDO;ZONA RURAL;007001922828;R36882;2666368;STU-01Y8;-6,19245760;-36,14914330;SERIDO;OESTE-SERIDÓ
CMEI MUNDO MÁGICO;CORONEL EZEQUIEL;CENTRO;000305698016;AD68826;2295433;STU-01Y2;-6,38687150;-36,21604010;SERIDO;OESTE-SERIDÓ
ESCOLA DA CNEC MANOEL CASSIMIRO GOMES;CORONEL EZEQUIEL;CENTRO;000851020918;T43586;2343790;STU-01Y2;-6,38495880;-36,20680960;SERIDO;OESTE-SERIDÓ
ESCOLA ESTADUAL JOSE JOAQUIM;CORONEL EZEQUIEL;CENTRO;000305254010;AD68522;3128683;STU-01Y2;-6,38505910;-36,21554540;SERIDO;OESTE-SERIDÓ
ESCOLA DA CNEC ANA CLEMENTINA DA CONCEICAO;JAÇANÃ;CENTRO;000619820010;AD70039;3080269;STU-01Y2;-6,42650160;-36,20560690;SERIDO;OESTE-SERIDÓ
ESCOLA ESTADUAL MANOEL FERNANDES;JAÇANÃ;CENTRO;000305998010;N07716;2361317;STU-01Y2;-6,42653940;-36,20269080;SERIDO;OESTE-SERIDÓ
ESCOLA ESTADUAL TEREZINHA CAROLINO DE SOUZA;JAÇANÃ;SAO JOSE;000378010012;AD69018;3080518;STU-01Y2;-6,43262190;-36,20644470;SERIDO;OESTE-SERIDÓ
ESCOLA MUNICIPAL MIRIAM GOMES ROCHA VIEIRA;JAÇANÃ;CENTRO;000305998010;N07716;2361317;STU-01Y2;-6,42745580;-36,20214350;SERIDO;OESTE-SERIDÓ
CENTRO INTEGRADO DE EDUCACAO INFANTIL;RUY BARBOSA;CENTRO;000322879016;E11078;2420691;SPG-01P1;-5,88612610;-35,93802820;LITORAL SUL;LITORAL
GINASIO MUNICIPAL RITA JUVENTINA;RUY BARBOSA;CENTRO;000322822014;GD4988;2048133;SPG-01P1;-5,88217000;-35,93567090;LITORAL SUL;LITORAL
GRUPO ESTADUAL RUI BARBOSA;RUY BARBOSA;CENTRO;000322822014;GD4988;2048133;SPG-01P1;-5,88194050;-35,93485340;LITORAL SUL;LITORAL
SECRETARIA DE ASSISTÊNCIA SOCIAL;TRABALHO E HABITAÇÃO;29.0;000271524013;BC21499;3126761;ACU-01Z1;-5,58269330;-36,91391330;;LITORAL
CEEP PROF. DJANIRA BRASILINO DE SOUZA;NATAL;N.S.DA APRESENTAÇÃO;007012921912;V07532;3091782;IGA-01Z4;-5,76204840;-35,28152280;NATAL NORTE;LITORAL
CENTRO EDUCACIONAL DOM BOSCO;NATAL;LAGOA AZUL;000853807001;GD1636;3049489;PJA-01J2;-5,72694121;-35,25456175;NATAL NORTE;LITORAL
CMEI PADRE SABINO GENTILLE;NATAL;PAJUCARA;000167128017;A5041;3092000;PJA-01J1;-5,73134260;-35,23576310;NATAL NORTE;LITORAL
CMEI PROF. BELCHIOR JORGE DE SA;NATAL;N.S.DA APRESENTAÇÃO;000135786012;A6156;3028102;IGA-01Z5;-5,75543400;-35,26897490;NATAL NORTE;LITORAL
CMEI PROF. LUIZ GONZAGA DINIZ FILHO;NATAL;PAJUCARA;000850543585;MG2478;2179116;PGI-01P5;-5,74108090;-35,22769320;NATAL NORTE;LITORAL
CMEI PROF. MARIA DE FATIMA MEDEIROS DE ARAUJO;NATAL;LAGOA AZUL;000151947018;A1668;3042677;PJA-01J5;-5,73068902;-35,26197094;NATAL NORTE;LITORAL
CMEI PROF. MARIA NAZARE DA COSTA GALVÃO;NATAL;LAGOA AZUL;000855702037;T54054;3080465;EXT-01Y7;-5,72787565;-35,27305255;NATAL NORTE;LITORAL
CMEI PROF. STELLA LOPES DA SILVA;NATAL;LAGOA AZUL;000150752019;A0179;3037740;PJA-01J4;-5,73708372;-35,26870569;NATAL NORTE;LITORAL
CMEI PROF. TELMA REJANE MOURA FREIRE;NATAL;LAGOA AZUL;000151653014;A0348;2117772;PJA-01J4;-5,73191610;-35,26460506;NATAL NORTE;LITORAL
CMEI VULPIANO CAVALCANTI DE ARAUJO;NATAL;IGAPO;007008375717;V05904;3082389;IGA-01Z4;-5,76717880;-35,27182980;NATAL NORTE;LITORAL
COLÉGIO DEGRAUS DO SABER - CDS;NATAL;IGAPO;007012783668;V00488;303809X;LNV-01V7;-5,81013980;-35,20033250;NATAL NORTE;LITORAL
DCC COLÉGIO E CURSO;NATAL;N.S.DA APRESENTAÇÃO;000134897015;C5355;3077533;IGA-01Z6;-5,74368800;-35,26899890;NATAL NORTE;LITORAL
E. E. ALCEU AMOROSO LIMA;NATAL;LAGOA AZUL;000856493466;V03167;305120X;PJA-01J3;-5,73333676;-35,25512767;NATAL NORTE;LITORAL
E. E. ALDO FERNANDES DE MELO;NATAL;LAGOA AZUL;000169465010;U28732;3105702;PJA-01J2;-5,72837009;-35,25367495;NATAL NORTE;LITORAL
E. E. ANA JULIA DE CARVALHO MOUSINHO;NATAL;N.S.DA APRESENTAÇÃO;007028433845;C2192;2125427;IGA-01Z4;-5,76289734;-35,28111310;NATAL NORTE;LITORAL
E. E. ARQUITETA ELIZABETH FATIMA ARAUJO GUILHERMINO;NATAL;LAGOA AZUL;000150878012;A2125;2011124;PJA-01J4;-5,73677712;-35,26570827;NATAL NORTE;LITORAL
E. E. CONEGO LUIZ WANDERLEY;NATAL;LAGOA AZUL;000160997010;A0534;252848X;PJA-01J2;-5,72999813;-35,25056311;NATAL NORTE;LITORAL
E. E. CRISAN SIMINÉA;NATAL;LAGOA AZUL;000153863016;A1210;3000265;PJA-01J4;-5,73454087;-35,25656160;NATAL NORTE;LITORAL
E. E. MYRIAM COELI;NATAL;LAGOA AZUL;000150878012;A2125;2011124;PJA-01J4;-5,73629385;-35,26542556;NATAL NORTE;LITORAL
E. E. POTIGUASSU;NATAL;IGAPO;007012783668;V00488;303809X;LNV-01V7;-5,80983100;-35,20031370;NATAL NORTE;LITORAL
E. E. PROF. MARIA DE LOURDES CAMARA SOUTO;NATAL;LAGOA AZUL;000160427019;A1096;252801;PJA-01J2;-5,72402990;-35,25182290;NATAL NORTE;LITORAL
E. E. PROF. PAULO PINHEIRO DE VIVEIROS;NATAL;LAGOA AZUL;000151939015;A1543;3000223;PJA-01J5;-5,73110521;-35,26105392;NATAL NORTE;LITORAL
E. M. IRMA ARCANGELA;NATAL;IGAPO;007012783668;V00488;303809X;LNV-01V7;-5,80997160;-35,20033810;NATAL NORTE;LITORAL
E. M. JOAO PAULO II;NATAL;LAGOA AZUL;000152467010;A2084;3000181;PJA-01J5;-5,73013019;-35,26245488;NATAL NORTE;LITORAL
E. M. JORN. ERIVAN FRANCA;NATAL;IGAPO;007012783668;V00488;303809X;LNV-01V7;-5,81029320;-35,20034550;NATAL NORTE;LITORAL
E. M. LAERCIO FERNANDES MONTEIRO;NATAL;N.S.DA APRESENTAÇÃO;000855643731;V02100;3047654;IGA-01Z5;-5,75457350;-35,27978776;NATAL NORTE;LITORAL
E. M. NOSSA SRA. DA APRESENTAÇAO;NATAL;N.S.DA APRESENTAÇÃO;007009823357;V06082;3079435;IGA-01Z6;-5,74364980;-35,27063288;NATAL NORTE;LITORAL
E. M. PROF. AMADEU ARAUJO;NATAL;LAGOA AZUL;000151500013;A2087;1959470;PJA-01J4;-5,73608203;-35,26527018;NATAL NORTE;LITORAL
E. M. PROF. DALVA DE OLIVEIRA;NATAL;N.S.DA APRESENTAÇÃO;000133661018;O35135;3004500;IGA-01Z6;-5,75045569;-35,26792637;NATAL NORTE;LITORAL
E. M. PROF. HERLY PARENTE;NATAL;IGAPO;000169490015;V06925;3086186;IGA-01Z9;-5,77043041;-35,25303546;NATAL NORTE;LITORAL
E. M. PROF. LOURDES GODEIRO;NATAL;LAGOA AZUL;000162936018;B0301;3053474;PJA-01J2;-5,71613882;-35,25030867;NATAL NORTE;LITORAL
E. M. PROF. MARIA DALVA GOMES BEZERRA;NATAL;LAGOA AZUL;000160997010;A0534;252848X;PJA-01J2;-5,72912772;-35,24940960;NATAL NORTE;LITORAL
E. M. PROF. TANIA ALMEIDA;NATAL;PAJUCARA;000166144019;B0582;3045065;PJA-01J1;-5,73301820;-35,24225740;NATAL NORTE;LITORAL
E. M. PROF. TEREZINHA PAULINO;NATAL;N.S.DA APRESENTAÇÃO;007012783668;V00488;303809X;LNV-01V7;-5,81029160;-35,20034490;NATAL NORTE;LITORAL
E. M. PROF. VERA LÚCIA SOARES BARROS;NATAL;PAJUCARA;000855076390;V01961;304619X;PGI-01P4;-5,73968097;-35,23899082;NATAL NORTE;LITORAL
E. M. PROF. ZULEIDE FERNANDES DE MACEDO E SILVA;NATAL;PAJUCARA;000851166718;V06980;3086393;PGI-01P5;-5,74139337;-35,23539129;NATAL NORTE;LITORAL
E. M. REGINALDO FERREIRA NETO;NATAL;N.S.DA APRESENTAÇÃO;007012783668;V00488;303809X;LNV-01V7;-5,81015090;-35,20040310;NATAL NORTE;LITORAL
E. M. VER. JOSE SOTERO;NATAL;IGAPO;007012783668;V00488;303809X;LNV-01V7;-5,80990070;-35,20023040;NATAL NORTE;LITORAL
E. M. WALDSON JOSE BASTOS PINHEIRO;NATAL;N.S.DA APRESENTAÇÃO;000851163794;D1013;3103480;IGA-01Z5;-5,75383887;-35,27146500;NATAL NORTE;LITORAL
EXPANSIVO COLÉGIO E CURSO;NATAL;PAJUCARA;000001957015;D3455;2122227;PGI-01P5;-5,74542128;-35,22665623;NATAL NORTE;LITORAL
EXPANSIVO COLÉGIO E CURSO - UNIDADE BOA SORTE;NATAL;N.S.DA APRESENTAÇÃO;000141957015;B4892;3075435;IGA-01Z7;-5,75419800;-35,26232420;NATAL NORTE;LITORAL
GINÁSIO NÉLIO DIAS;NATAL;LAGOA AZUL;000161741019;A0616;252796X;PJA-01J3;-5,73198430;-35,25108670;NATAL NORTE;LITORAL
